ticker,date,drop_pts,underlying_open,underlying_high,underlying_low,underlying_close,strike,contract,offset_from_low,opt_open,opt_high,opt_low,opt_close,entry_est,recovery_target,target_price_est,est_gain_pct,contracts,cost_usd,idle_usd,exit_optim_usd,exit_real_usd,exit_conserv_usd,pnl_optim_usd,pnl_real_usd,pnl_conserv_usd,band
IWM,2026-01-23,4.58,269.04,269.05,264.46,264.81,266.0,O:IWM260123C00266000,1.54,3.19,3.19,0.01,0.01,0.01,269.04,3.0900000000000203,30800.000000000204,1,319.0,181.0,319.0,319.0,1.0,0.0,0.0,-318.0,3–5 pts
IWM,2026-01-28,3.42,265.98,266.675,262.56,263.3,264.0,O:IWM260128C00264000,1.44,2.45,3.0,0.01,0.01,0.01,265.98,2.030000000000018,20200.000000000182,2,490.00000000000006,9.999999999999943,600.0,545.0,2.0,109.99999999999994,54.99999999999994,-488.00000000000006,3–5 pts
IWM,2026-01-29,4.66,264.07,265.06,259.41,263.37,263.0,O:IWM260129C00263000,3.59,1.7,2.37,0.07,0.38,0.07,264.07,1.1199999999999932,1499.99999999999,2,340.0,160.0,474.0,407.0,76.0,134.0,67.0,-264.0,3–5 pts
IWM,2026-01-30,3.13,261.07,262.98,257.94,259.65,260.0,O:IWM260130C00260000,2.06,1.87,3.21,0.01,0.02,0.01,261.07,1.1199999999999932,11099.99999999993,2,374.0,126.0,642.0,508.0,4.0,268.0,134.0,-370.0,3–5 pts
IWM,2026-02-03,4.51,263.06,265.0599,258.551,262.78,262.0,O:IWM260203C00262000,3.45,1.52,3.15,0.01,1.0,0.01,263.06,1.1100000000000023,11000.000000000022,3,456.00000000000006,43.99999999999994,944.9999999999999,700.5,300.0,488.99999999999983,244.49999999999994,-156.00000000000006,3–5 pts
IWM,2026-02-04,7.02,264.16,264.65,257.14,260.52,262.0,O:IWM260204C00262000,4.86,2.75,2.89,0.01,0.01,0.01,264.16,2.210000000000025,22000.00000000025,1,275.0,225.0,289.0,282.0,1.0,14.0,7.0,-274.0,7–10 pts
IWM,2026-02-05,3.45,258.5,261.62,255.05,255.83,257.0,O:IWM260205C00257000,1.95,2.95,4.41,0.01,0.02,0.01,258.5,1.55,15400.0,1,295.0,205.0,441.0,368.0,2.0,146.0,73.0,-293.0,3–5 pts
IWM,2026-02-11,6.37,268.47,268.96,262.1,264.95,266.0,O:IWM260211C00266000,3.9,2.75,3.11,0.01,0.01,0.01,268.47,2.520000000000027,25100.000000000273,1,275.0,225.0,311.0,293.0,1.0,36.0,18.0,-274.0,5–7 pts
IWM,2026-02-17,3.31,262.375,264.36,259.06,263.04,264.0,O:IWM260217C00264000,4.94,0.63,1.43,0.01,0.01,0.01,262.375,0.05,400.0,7,441.0,59.0,1001.0,721.0,7.000000000000001,560.0,280.0,-434.0,3–5 pts
IWM,2026-02-23,5.3,263.4,264.37,258.1,260.49,261.0,O:IWM260223C00261000,2.9,2.75,3.35,0.01,0.02,0.01,263.4,2.449999999999977,24399.999999999774,1,275.0,225.0,335.0,305.0,2.0,60.0,30.0,-273.0,5–7 pts
IWM,2026-03-03,3.49,256.8,261.12,253.31,259.24,260.0,O:IWM260303C00260000,6.69,0.37,1.3,0.01,0.01,0.01,256.8,0.05,400.0,13,480.99999999999994,19.000000000000057,1690.0000000000002,1085.5,13.0,1209.0000000000002,604.5,-467.99999999999994,3–5 pts
IWM,2026-03-05,4.83,258.99,260.755,254.16,256.76,257.0,O:IWM260305C00257000,2.84,2.52,3.66,0.01,0.01,0.01,258.99,2.040000000000009,20300.00000000009,1,252.0,248.0,366.0,309.0,1.0,114.0,57.0,-251.0,3–5 pts
IWM,2026-03-09,3.2,247.59,254.65,244.39,253.62,252.0,O:IWM260309C00252000,7.61,0.46,2.66,0.01,0.87,0.01,247.59,0.05,400.0,10,460.00000000000006,39.99999999999994,2660.0,1560.0000000000002,869.9999999999999,2200.0,1100.0000000000002,409.99999999999983,3–5 pts
IWM,2026-03-13,3.72,249.26,250.61,245.535,246.59,247.0,O:IWM260313C00247000,1.47,3.03,3.89,0.01,0.01,0.01,249.26,2.3099999999999907,22999.99999999991,1,303.0,197.0,389.0,346.0,1.0,86.0,43.0,-302.0,3–5 pts
IWM,2026-03-20,6.64,246.97,247.5,240.33,242.22,243.0,O:IWM260320C00243000,2.67,4.54,4.57,0.01,0.11,0.01,246.97,4.019999999999999,40099.999999999985,1,454.0,46.0,457.0,455.5,11.0,3.0,1.5,-443.0,5–7 pts
IWM,2026-03-27,3.6,246.01,246.74,242.41,243.1,245.0,O:IWM260327C00245000,2.59,2.0,2.26,0.01,0.02,0.01,246.01,1.059999999999991,10499.999999999909,2,400.0,100.0,451.99999999999994,426.0,4.0,51.99999999999994,26.0,-396.0,3–5 pts
IWM,2026-03-30,6.66,245.35,245.37,238.69,239.61,240.0,O:IWM260330C00240000,1.31,4.58,4.8,0.01,0.02,0.01,245.35,5.399999999999994,53899.99999999994,1,458.0,42.0,480.0,468.99999999999994,2.0,22.0,10.999999999999943,-456.0,5–7 pts
IWM,2026-04-08,3.11,261.52,262.27,258.41,260.47,261.0,O:IWM260408C00261000,2.59,1.66,2.0,0.01,0.02,0.01,261.52,0.5699999999999819,5599.999999999818,3,497.99999999999994,2.000000000000057,600.0,549.0,6.0,102.00000000000006,51.00000000000006,-491.99999999999994,3–5 pts
IWM,2026-04-21,4.42,278.175,279.79,273.76,274.51,276.0,O:IWM260421C00276000,2.24,2.48,3.81,0.01,0.25,0.01,278.175,2.225000000000011,22150.000000000113,2,496.0,4.0,762.0,629.0,50.0,266.0,133.0,-446.0,3–5 pts
IWM,2026-04-23,4.78,276.73,277.87,271.95,275.52,276.0,O:IWM260423C00276000,4.05,1.68,1.99,0.01,0.01,0.01,276.73,0.7800000000000182,7700.000000000182,2,336.0,164.0,398.0,367.0,2.0,62.0,31.0,-334.0,3–5 pts
IWM,2026-04-28,3.13,276.05,276.97,272.915,273.91,275.0,O:IWM260428C00275000,2.08,1.68,2.21,0.01,0.01,0.01,276.05,1.1000000000000114,10900.000000000113,2,336.0,164.0,442.0,388.99999999999994,2.0,106.0,52.99999999999994,-334.0,3–5 pts
IWM,2026-04-29,3.56,273.92,274.38,270.36,272.08,272.0,O:IWM260429C00272000,1.64,2.5,2.62,0.02,0.02,0.02,273.92,1.970000000000016,9750.00000000008,2,500.0,0.0,524.0,512.0,4.0,24.0,12.0,-496.0,3–5 pts
IWM,2026-05-07,6.38,287.53,287.58,281.15,282.26,283.0,O:IWM260507C00283000,1.85,3.98,3.98,0.01,0.02,0.01,287.53,4.5799999999999725,45699.99999999972,1,398.0,102.0,398.0,398.0,2.0,0.0,0.0,-396.0,5–7 pts
IWM,2026-05-12,5.76,284.04,284.06,278.28,282.57,282.0,O:IWM260512C00282000,3.72,1.89,1.89,0.01,0.38,0.01,284.04,2.0900000000000203,20800.000000000204,2,378.0,122.0,378.0,378.0,76.0,0.0,0.0,-302.0,5–7 pts
QQQ,2026-01-08,5.23,623.03,623.42,617.8,620.47,621.0,O:QQQ260108C00621000,3.2,2.95,3.18,0.01,0.01,0.01,623.03,2.0799999999999725,20699.999999999727,1,295.0,205.0,318.0,306.50000000000006,1.0,23.0,11.500000000000057,-294.0,5–7 pts
QQQ,2026-01-13,3.57,627.27,629.47,623.695,626.24,626.0,O:QQQ260113C00626000,2.3,2.36,3.86,0.01,0.35,0.01,627.27,1.3199999999999819,13099.999999999818,2,472.0,28.0,772.0,622.0,70.0,300.0,150.0,-402.0,3–5 pts
QQQ,2026-01-14,7.68,622.24,623.45,614.56,619.55,620.0,O:QQQ260114C00620000,5.44,3.35,4.41,0.01,0.06,0.01,622.24,2.290000000000009,22800.00000000009,1,335.0,165.0,441.0,388.0,6.0,106.0,53.0,-329.0,7–10 pts
QQQ,2026-01-15,5.85,626.6,630.0,620.75,621.78,623.0,O:QQQ260115C00623000,2.25,4.26,4.55,0.01,0.01,0.01,626.6,3.6500000000000226,36400.000000000226,1,426.0,74.0,455.0,440.49999999999994,1.0,29.0,14.499999999999943,-425.0,5–7 pts
QQQ,2026-01-16,6.62,625.5,626.08,618.88,621.26,622.0,O:QQQ260116C00622000,3.12,4.13,4.44,0.01,0.01,0.01,625.5,3.55,35400.0,1,413.0,87.0,444.00000000000006,428.5,1.0,31.000000000000057,15.5,-412.0,5–7 pts
QQQ,2026-01-20,3.48,610.53,615.055,607.05,608.06,609.0,O:QQQ260120C00609000,1.95,3.84,6.1,0.02,0.11,0.02,610.53,1.5799999999999728,7799.999999999864,1,384.0,116.0,610.0,497.0,11.0,226.0,113.0,-373.0,3–5 pts
QQQ,2026-01-22,4.57,622.35,622.46,617.78,620.76,621.0,O:QQQ260122C00621000,3.22,2.58,2.58,0.02,0.03,0.02,622.35,1.4000000000000228,6900.000000000114,1,258.0,242.0,258.0,258.0,3.0,0.0,0.0,-255.0,3–5 pts
QQQ,2026-01-28,3.65,635.46,636.6,631.81,633.22,635.0,O:QQQ260128C00635000,3.19,2.72,3.3,0.02,0.24,0.02,635.46,0.5100000000000364,2450.000000000182,1,272.0,228.0,330.0,301.0,24.0,58.0,29.0,-248.0,3–5 pts
QQQ,2026-02-05,5.45,600.21,604.81,594.76,597.03,599.0,O:QQQ260205C00599000,4.24,4.67,7.4,0.02,0.02,0.02,600.21,1.2600000000000364,6200.000000000182,1,467.0,33.0,740.0,603.5,2.0,273.0,136.5,-465.0,5–7 pts
QQQ,2026-02-10,4.29,615.305,617.02,611.01,611.47,613.0,O:QQQ260210C00613000,1.99,3.52,4.44,0.01,0.01,0.01,615.305,2.35499999999995,23449.999999999498,1,352.0,148.0,444.00000000000006,398.00000000000006,1.0,92.00000000000006,46.00000000000006,-351.0,3–5 pts
QQQ,2026-02-11,8.69,616.38,617.52,607.69,613.11,614.0,O:QQQ260211C00614000,6.31,3.54,4.31,0.01,0.01,0.01,616.38,2.4299999999999953,24199.999999999956,1,354.0,146.0,430.99999999999994,392.5,1.0,76.99999999999994,38.5,-353.0,7–10 pts
QQQ,2026-02-13,4.01,600.43,606.48,596.42,601.92,603.0,O:QQQ260213C00603000,6.58,1.95,3.8,0.01,0.01,0.01,600.43,0.05,400.0,2,390.0,110.0,760.0,575.0,2.0,370.0,185.0,-388.0,3–5 pts
QQQ,2026-02-17,5.03,598.375,603.95,593.34,601.3,602.0,O:QQQ260217C00602000,8.66,1.32,2.75,0.02,0.02,0.02,598.375,0.05,150.0,3,396.0,104.0,825.0,610.5,6.0,429.0,214.5,-390.0,5–7 pts
QQQ,2026-03-05,5.14,607.4,612.76,602.26,608.91,606.0,O:QQQ260305C00606000,3.74,3.6,7.01,0.17,2.32,0.17,607.4,1.4499999999999773,752.9411764705749,1,360.0,140.0,701.0,530.5,231.99999999999997,341.0,170.5,-128.00000000000003,5–7 pts
QQQ,2026-03-11,3.92,608.95,612.43,605.03,607.69,608.0,O:QQQ260311C00608000,2.97,3.25,5.19,0.02,0.03,0.02,608.95,1.0000000000000455,4900.000000000227,1,325.0,175.0,519.0,422.00000000000006,3.0,194.0,97.00000000000006,-322.0,3–5 pts
QQQ,2026-03-23,4.56,590.52,595.08,585.96,588.0,589.0,O:QQQ260323C00589000,3.04,3.61,6.4,0.01,0.09,0.01,590.52,1.5699999999999819,15599.999999999818,1,361.0,139.0,640.0,500.5,9.0,279.0,139.5,-352.0,3–5 pts
QQQ,2026-03-25,3.45,589.14,591.37,585.69,587.82,588.0,O:QQQ260325C00588000,2.31,2.98,4.3,0.13,0.17,0.13,589.14,1.1899999999999864,815.3846153846049,1,298.0,202.0,430.0,363.99999999999994,17.0,132.0,65.99999999999994,-281.0,3–5 pts
QQQ,2026-03-27,9.24,570.81,571.02,561.57,562.58,567.0,O:QQQ260327C00567000,5.43,4.68,4.92,0.01,0.03,0.01,570.81,3.8599999999999453,38499.999999999454,1,468.0,32.0,492.0,480.0,3.0,24.0,12.0,-465.0,7–10 pts
QQQ,2026-04-07,7.24,585.64,588.98,578.4001,588.59,584.0,O:QQQ260407C00584000,5.6,3.77,5.43,0.24,5.17,0.24,585.64,1.6899999999999864,604.1666666666611,1,377.0,123.0,543.0,459.99999999999994,517.0,166.0,82.99999999999994,140.0,7–10 pts
QQQ,2026-04-08,6.59,608.71,609.9,602.12,606.09,607.0,O:QQQ260408C00607000,4.88,3.76,4.05,0.01,0.01,0.01,608.71,1.7600000000000364,17500.000000000364,1,376.0,124.0,405.0,390.5,1.0,29.0,14.5,-375.0,5–7 pts
QQQ,2026-04-16,3.96,639.21,642.18,635.255,640.47,641.0,O:QQQ260416C00641000,5.75,0.99,1.85,0.01,0.01,0.01,639.21,0.05,400.0,5,495.0,5.0,925.0,710.0,5.0,430.0,215.0,-490.0,3–5 pts
QQQ,2026-04-20,5.52,648.04,648.76,642.52,646.79,647.0,O:QQQ260420C00647000,4.48,2.6,3.07,0.05,0.06,0.05,648.04,1.0899999999999637,2079.9999999999272,1,260.0,240.0,307.0,283.5,6.0,47.0,23.5,-254.0,5–7 pts
QQQ,2026-04-21,6.2,648.41,650.2,642.21,644.33,647.0,O:QQQ260421C00647000,4.79,2.71,3.7,0.01,0.45,0.01,648.41,1.4599999999999682,14499.999999999682,1,271.0,229.0,370.0,320.5,45.0,99.0,49.5,-226.0,5–7 pts
QQQ,2026-04-23,8.03,653.55,656.92,645.52,651.42,653.0,O:QQQ260423C00653000,7.48,2.92,4.11,0.02,0.06,0.02,653.55,0.5999999999999546,2899.9999999997726,1,292.0,208.0,411.00000000000006,351.5,6.0,119.00000000000006,59.5,-286.0,7–10 pts
QQQ,2026-04-28,3.6,657.41,659.64,653.81,657.55,659.0,O:QQQ260428C00659000,5.19,1.32,2.3,0.01,0.02,0.01,657.41,0.05,400.0,3,396.0,104.0,690.0,543.0,6.0,294.0,147.0,-390.0,3–5 pts
QQQ,2026-04-30,7.79,665.35,668.9,657.56,667.74,662.0,O:QQQ260430C00662000,4.44,4.86,6.56,0.8,5.52,0.8,665.35,3.4000000000000226,325.00000000000284,1,486.00000000000006,13.999999999999943,656.0,571.0,552.0,169.99999999999994,84.99999999999994,65.99999999999994,7–10 pts
QQQ,2026-05-04,5.76,674.66,676.73,668.9,672.88,673.0,O:QQQ260504C00673000,4.1,3.06,4.04,0.02,0.05,0.02,674.66,1.7099999999999682,8449.99999999984,1,306.0,194.0,404.0,355.0,5.0,98.0,49.0,-301.0,5–7 pts
QQQ,2026-05-07,4.81,696.58,701.24,691.77,694.94,696.0,O:QQQ260507C00696000,4.23,2.27,5.46,0.01,0.15,0.01,696.58,0.630000000000041,6200.000000000409,2,454.0,46.0,1092.0,773.0,30.0,638.0,319.0,-424.0,3–5 pts
QQQ,2026-05-12,11.58,708.22,710.18,696.64,707.24,705.0,O:QQQ260512C00705000,8.36,4.9,5.75,0.05,1.0,0.05,708.22,3.270000000000027,6440.000000000055,1,490.00000000000006,9.999999999999943,575.0,532.5,100.0,84.99999999999994,42.49999999999994,-390.00000000000006,10+ pts
QQQ,2026-05-13,5.13,709.96,716.65,704.83,714.71,706.0,O:QQQ260513C00706000,1.17,4.13,10.63,2.18,9.32,2.18,709.96,4.010000000000036,83.94495412844202,1,413.0,87.0,1063.0,738.0000000000001,932.0,650.0,325.0000000000001,519.0,5–7 pts
SPY,2026-01-13,4.14,695.49,696.09,691.35,693.77,694.0,O:SPY260113C00694000,2.65,2.09,2.51,0.01,0.01,0.01,695.49,1.5400000000000091,15300.000000000091,2,418.0,82.0,501.99999999999994,459.99999999999994,2.0,83.99999999999994,41.99999999999994,-416.0,3–5 pts
SPY,2026-01-14,4.96,691.0,691.72,686.04,690.36,690.0,O:SPY260114C00690000,3.96,2.2,2.87,0.03,0.21,0.03,691.0,1.05,3400.0,2,440.00000000000006,59.99999999999994,574.0,507.0,42.0,133.99999999999994,66.99999999999994,-398.00000000000006,3–5 pts
SPY,2026-01-15,3.32,694.57,695.45,691.25,692.24,693.0,O:SPY260115C00693000,1.75,2.24,2.6,0.01,0.01,0.01,694.57,1.62000000000005,16100.0000000005,2,448.00000000000006,51.99999999999994,520.0,484.0,2.0,71.99999999999994,35.99999999999994,-446.00000000000006,3–5 pts
SPY,2026-01-16,3.56,693.66,694.25,690.1,691.66,692.0,O:SPY260116C00692000,1.9,2.4,2.77,0.01,0.01,0.01,693.66,1.7099999999999682,16999.99999999968,2,480.0,20.0,554.0,517.0,2.0,74.0,37.0,-478.0,3–5 pts
SPY,2026-01-20,4.92,681.49,684.77,676.57,677.58,679.0,O:SPY260120C00679000,2.43,4.54,5.88,0.01,0.01,0.01,681.49,2.540000000000009,25300.00000000009,1,454.0,46.0,588.0,521.0,1.0,134.0,67.0,-453.0,3–5 pts
SPY,2026-01-28,3.11,697.05,697.84,693.94,695.42,696.0,O:SPY260128C00696000,2.06,2.4,2.87,0.01,0.2,0.01,697.05,1.0999999999999546,10899.999999999545,2,480.0,20.0,574.0,527.0,40.0,94.0,47.0,-440.0,3–5 pts
SPY,2026-01-29,11.56,696.39,697.06,684.83,694.04,693.0,O:SPY260129C00693000,8.17,4.18,4.54,0.18,1.16,0.18,696.39,3.439999999999986,1811.1111111111034,1,418.0,82.0,454.0,435.99999999999994,115.99999999999999,36.0,17.999999999999943,-302.0,10+ pts
SPY,2026-01-30,4.67,691.79,694.21,687.12,691.97,692.0,O:SPY260130C00692000,4.88,2.07,3.06,0.01,0.05,0.01,691.79,0.3949999999999818,3849.999999999818,2,413.99999999999994,86.00000000000006,612.0,513.0,10.0,198.00000000000006,99.00000000000006,-403.99999999999994,3–5 pts
SPY,2026-02-04,8.59,690.35,691.45,681.76,686.19,689.0,O:SPY260204C00689000,7.24,2.98,3.75,0.02,0.13,0.02,690.35,1.4000000000000228,6900.000000000114,1,298.0,202.0,375.0,336.5,13.0,77.0,38.5,-285.0,7–10 pts
SPY,2026-02-05,5.15,680.94,683.69,675.79,677.62,679.0,O:SPY260205C00679000,3.21,4.47,5.95,0.02,0.08,0.02,680.94,1.9900000000000546,9850.000000000273,1,447.0,53.0,595.0,521.0,8.0,148.0,74.0,-439.0,5–7 pts
SPY,2026-02-10,3.29,694.95,696.54,691.66,692.12,693.0,O:SPY260210C00693000,1.34,2.68,3.8,0.01,0.01,0.01,694.95,2.0000000000000453,19900.00000000045,1,268.0,232.0,380.0,324.0,1.0,112.0,56.0,-267.0,3–5 pts
SPY,2026-02-11,7.21,696.39,697.14,689.18,691.96,693.0,O:SPY260211C00693000,3.82,3.93,4.55,0.01,0.01,0.01,696.39,3.439999999999986,34299.99999999986,1,393.0,107.0,455.0,424.0,1.0,62.0,31.0,-392.0,7–10 pts
SPY,2026-02-13,4.17,681.69,686.28,677.52,681.75,682.0,O:SPY260213C00682000,4.48,2.63,4.5,0.02,0.09,0.02,681.69,0.3450000000000273,1625.0000000001364,1,263.0,237.0,450.0,356.5,9.0,187.0,93.5,-254.0,3–5 pts
SPY,2026-02-17,4.36,680.14,684.94,675.78,682.85,684.0,O:SPY260217C00684000,8.22,0.94,1.57,0.01,0.01,0.01,680.14,0.05,400.0,5,469.99999999999994,30.000000000000057,785.0,627.5,5.0,315.00000000000006,157.50000000000006,-464.99999999999994,3–5 pts
SPY,2026-02-26,8.93,693.28,693.3,684.35,689.3,690.0,O:SPY260226C00690000,5.65,4.09,4.09,0.01,0.01,0.01,693.28,3.3299999999999725,33199.99999999972,1,409.0,91.0,409.0,409.0,1.0,0.0,0.0,-408.0,7–10 pts
SPY,2026-03-05,6.47,682.08,685.53,675.61,681.31,680.0,O:SPY260305C00680000,4.39,3.8,5.92,0.09,0.76,0.09,682.08,2.1300000000000407,2266.6666666667124,1,380.0,120.0,592.0,485.99999999999994,76.0,212.0,105.99999999999994,-304.0,5–7 pts
SPY,2026-03-06,3.65,673.41,676.11,669.76,672.38,673.0,O:SPY260306C00673000,3.24,3.85,4.03,0.01,0.06,0.01,673.41,0.45999999999996816,4499.999999999682,1,385.0,115.0,403.0,394.00000000000006,6.0,18.0,9.000000000000057,-379.0,3–5 pts
SPY,2026-03-09,4.0,666.39,679.92,662.39,678.27,664.0,O:SPY260309C00664000,1.61,4.98,15.55,1.91,13.22,1.91,666.39,2.439999999999986,27.74869109947572,1,498.00000000000006,1.9999999999999432,1555.0,1026.5,1322.0,1057.0,528.5,824.0,3–5 pts
SPY,2026-03-11,4.24,677.58,680.08,673.34,676.33,677.0,O:SPY260311C00677000,3.66,2.93,3.97,0.02,0.03,0.02,677.58,0.630000000000041,3050.0000000002046,1,293.0,207.0,397.0,345.0,3.0,104.0,52.0,-290.0,3–5 pts
SPY,2026-03-20,11.79,656.51,656.69,644.72,648.57,653.0,O:SPY260320C00653000,8.28,4.4,4.62,0.01,0.03,0.01,656.51,3.5599999999999907,35499.99999999991,1,440.00000000000006,59.99999999999994,462.0,451.0,3.0,21.999999999999943,10.999999999999943,-437.00000000000006,10+ pts
SPY,2026-03-23,4.13,658.07,662.615,653.94,655.38,657.0,O:SPY260323C00657000,3.06,3.89,5.96,0.02,0.05,0.02,658.07,1.12000000000005,5500.00000000025,1,389.0,111.0,596.0,492.5,5.0,207.0,103.5,-384.0,3–5 pts
SPY,2026-03-25,4.43,658.67,660.89,654.24,656.82,658.0,O:SPY260325C00658000,3.76,2.77,4.01,0.02,0.03,0.02,658.67,0.7199999999999591,3499.9999999997954,1,277.0,223.0,401.0,338.99999999999994,3.0,124.0,61.99999999999994,-274.0,3–5 pts
SPY,2026-03-26,7.24,652.06,654.85,644.82,645.09,650.0,O:SPY260326C00650000,5.18,3.35,5.36,0.01,0.25,0.01,652.06,2.1099999999999453,20999.999999999454,1,335.0,165.0,536.0,435.50000000000006,25.0,201.0,100.50000000000006,-310.0,7–10 pts
SPY,2026-04-07,5.59,656.65,659.61,651.06,659.22,655.0,O:SPY260407C00655000,3.94,3.76,5.04,0.41,5.04,0.41,656.65,1.6999999999999773,314.63414634145795,1,376.0,124.0,504.0,440.00000000000006,504.0,128.0,64.00000000000006,128.0,5–7 pts
SPY,2026-04-08,4.93,676.39,677.08,671.46,676.01,677.0,O:SPY260408C00677000,5.54,1.81,2.11,0.01,0.01,0.01,676.39,0.19499999999999318,1849.9999999999318,2,362.0,138.0,422.0,392.0,2.0,60.0,30.0,-360.0,3–5 pts
SPY,2026-04-21,7.64,710.28,711.275,702.64,704.08,707.0,O:SPY260421C00707000,4.36,3.7,4.51,0.01,0.37,0.01,710.28,3.3299999999999725,33199.99999999972,1,370.0,130.0,451.0,410.50000000000006,37.0,81.0,40.50000000000006,-333.0,7–10 pts
SPY,2026-04-23,7.22,709.5,712.3598,702.2803,708.45,710.0,O:SPY260423C00710000,7.72,1.36,2.64,0.01,0.01,0.01,709.5,0.25,2400.0,3,408.0,92.0,792.0,600.0,3.0,384.0,192.0,-405.0,7–10 pts
SPY,2026-04-30,4.18,714.63,719.79,710.445,718.66,712.0,O:SPY260430C00712000,1.55,3.67,7.61,1.27,7.03,1.27,714.63,2.6799999999999953,111.02362204724372,1,367.0,133.0,761.0,564.0,703.0,394.0,197.0,336.0,3–5 pts
SPY,2026-05-04,5.08,720.07,722.12,714.99,718.01,719.0,O:SPY260504C00719000,4.01,2.21,3.32,0.01,0.01,0.01,720.07,1.12000000000005,11100.0000000005,2,442.0,58.0,664.0,552.9999999999999,2.0,222.0,110.99999999999989,-440.0,5–7 pts
SPY,2026-05-07,5.3,735.05,736.13,729.75,731.58,733.0,O:SPY260507C00733000,3.25,2.75,3.37,0.01,0.05,0.01,735.05,2.0999999999999543,20899.999999999545,1,275.0,225.0,337.0,306.0,5.0,62.0,31.0,-270.0,5–7 pts
SPY,2026-05-12,5.06,736.89,738.84,731.83,738.18,735.0,O:SPY260512C00735000,3.17,2.83,3.79,0.12,2.45,0.12,736.89,1.9399999999999864,1516.6666666666554,1,283.0,217.0,379.0,331.0,245.00000000000003,96.0,48.0,-37.99999999999997,5–7 pts
SPY,2026-05-13,3.0,738.47,743.91,735.47,742.31,744.0,O:SPY260513C00744000,8.53,0.13,0.66,0.01,0.01,0.01,738.47,0.05,400.0,38,494.00000000000006,5.999999999999943,2508.0,1501.0000000000002,38.0,2014.0,1007.0000000000002,-456.00000000000006,3–5 pts
