date,signal,p_vol,p_pnl,p_wk,spy_open,gap
2024-03-04,SKIP,0.0004597080735406,0.0045884324954672,0.0042365548609811,512.03,-0.1598908062786508
2024-03-05,SKIP,0.0024472780420798,0.0158231632717957,0.0022612391270818,510.24,-0.4021081397618475
2024-03-06,SKIP,0.0029628248461645,0.0128085405750014,0.0033668866112493,510.55,0.6644583776962865
2024-03-07,SKIP,0.0044868775604963,0.0187872590979332,0.0035235108838342,513.14,0.6650318783717468
2024-03-08,SKIP,0.0022663484323204,0.0140415233488036,0.0009923523944246,515.46,0.1262601736563118
2024-03-11,SKIP,0.0114936301177815,0.0071663776180959,0.0034006870543918,510.48,-0.2423200187602558
2024-03-12,SKIP,0.0185048796665765,0.0334390982508216,0.0028189070503151,513.45,0.4244249726177651
2024-03-13,SKIP,0.0143154802082117,0.0168085541705636,0.0022643988549618,517.11,0.0638569604086924
2024-03-14,SKIP,0.0521206908802907,0.0656630680537768,0.008580730570133,516.97,0.1938097176192421
2024-03-15,SKIP,0.0064641168214031,0.0424462154278221,0.0009586065969975,510.21,-0.9204777162831524
2024-03-18,SKIP,0.0038582069344566,0.0115692220527469,0.0027055553384865,514.0,0.817919698723113
2024-03-19,SKIP,0.0052101986661343,0.014371965161391,0.0018925967173161,512.15,-0.138439340170815
2024-03-20,SKIP,0.003142853678673,0.0140287515381376,0.0089270381493812,515.77,0.0116344457156136
2024-03-21,SKIP,0.0032868726591577,0.0229385920979506,0.0040520416454783,523.39,0.5590992929603411
2024-03-22,SKIP,0.0125794994306915,0.0472985619438907,0.0011472963348383,522.11,-0.0172347759479163
2024-03-25,SKIP,0.0010259706385571,0.0039093874791577,0.0005758161230393,519.8,-0.2705243567851845
2024-03-26,SKIP,0.000387400583023,0.0018525299875303,0.0002324978184792,521.23,0.2808934721126643
2024-03-27,SKIP,0.0043479735734689,0.0112062409965026,0.0045939884248167,521.71,0.5589714924538969
2024-03-28,SKIP,0.0022012421959546,0.010210705516873,0.0025744995871716,523.21,0.0076456983389761
2024-04-01,SKIP,0.0019428876020678,0.0055275948015572,0.0019356846243929,523.83,0.1452960406828962
2024-04-02,SKIP,0.0026813061241352,0.0113222461848964,0.0123931171384234,518.24,-0.7507277462846518
2024-04-03,SKIP,0.0071211689668047,0.0220908270407709,0.0120768139335525,517.72,-0.2158661629789504
2024-04-04,SKIP,0.0031588179167381,0.0363089594988949,0.0237630410620243,523.52,0.7912824165880572
2024-04-05,SKIP,0.0085588742239683,0.0222248944223252,0.0035561948618242,514.46,0.2709181982965214
2024-04-08,SKIP,0.0044168093223099,0.006375557995515,0.0022352055676241,519.15,0.1388808518025586
2024-04-09,SKIP,0.0212749830452484,0.0238870210668505,0.0015619886653318,520.5,0.3431523750771159
2024-04-10,SKIP,0.011564883235734,0.010341299101405,0.0017418567560065,513.48,-1.124547485172922
2024-04-11,SKIP,0.0099371314635174,0.0335761847719879,0.001062027149538,515.68,0.3034311055784444
2024-04-12,SKIP,0.0125867068370413,0.0222264874026155,0.0016575861605403,514.37,-0.7007722007722039
2024-04-15,SKIP,0.0150386334221175,0.0051716741597755,0.002130016523981,515.13,0.8378193207399409
2024-04-16,SKIP,0.0440355721692105,0.0098551488962123,0.0018739709451226,504.94,0.0971354941024849
2024-04-17,SKIP,0.044260111670345,0.0098257035724676,0.0020804322295583,506.05,0.5004667050622746
2024-04-18,SKIP,0.1172144253679374,0.0298696945311152,0.0042252467249783,501.98,0.2856857456797534
2024-04-19,SKIP,0.0201357999972532,0.0713781166517638,0.0049616471781194,499.44,-0.0160153747597702
2024-04-22,SKIP,0.0782032115651842,0.0541591444862458,0.0033122332523369,497.83,0.5392196461749599
2024-04-23,SKIP,0.0784964294479971,0.0945184624149669,0.0161508006396219,501.78,0.4122308492755744
2024-04-24,SKIP,0.0667904379962737,0.0559239138346567,0.0153835264803302,506.56,0.1799663799070483
2024-04-25,SKIP,0.1009789646975592,0.1482416973594902,0.0465255561276289,499.18,-1.2326625907678967
2024-04-26,SKIP,0.1257492609314469,0.1469694540150179,0.0131142042274385,506.35,0.5680351148980245
2024-04-29,SKIP,0.0170688820932347,0.0499980742521525,0.0106522105526177,510.09,0.3600519419194814
2024-04-30,SKIP,0.0408196034388618,0.0765388698663757,0.0338506005973969,508.56,-0.294083049053051
2024-05-01,SKIP,0.0547542989551372,0.0496068496719962,0.0421159255881114,501.38,-0.1195266743694967
2024-05-02,SKIP,0.1005862390116409,0.1200468241358097,0.0407997891983715,504.15,0.7594683721394935
2024-05-03,SKIP,0.0956237709078346,0.1689643171130402,0.0588651659608252,511.16,1.213789279844768
2024-05-06,SKIP,0.0070885368735252,0.0300607728737795,0.0084330430857733,513.75,0.4811359502435053
2024-05-07,SKIP,0.0197266383178488,0.1407932668117984,0.0466801891398932,517.56,0.191648760090568
2024-05-08,SKIP,0.0351484260226462,0.0636808946277544,0.010264747732913,515.26,-0.3635379200989996
2024-05-09,SKIP,0.0123064611097041,0.0159031954715069,0.026077598893224,517.38,0.036736982540253
2024-05-10,SKIP,0.0137476936380455,0.0386250699709719,0.0256377350729946,521.81,0.3152815425726096
2024-05-13,SKIP,0.0091256533763338,0.0049329776534664,0.0158923720739558,522.56,0.3302357729820793
2024-05-14,SKIP,0.0153673277232717,0.0091360565001279,0.0214846623036241,521.11,0.0383943483519333
2024-05-15,SKIP,0.0078376314322387,0.0062376992969986,0.0027392675362132,525.83,0.4834702847315242
2024-05-16,SKIP,0.0053796779475049,0.0075758505716485,0.0020479709014071,529.88,0.018875759749326
2024-05-17,SKIP,0.0019997867051788,0.0177570063183466,0.0023441944247928,528.81,0.0226976110764054
2024-05-20,SKIP,0.0064352440607496,0.0322434444837839,0.0082597279578132,529.57,0.0226650297478592
2024-05-21,SKIP,0.0088930502102929,0.0091669902539114,0.0050022371883746,529.28,-0.1471531524733005
2024-05-22,SKIP,0.000523843619127,0.0005599585697513,0.0005690573849321,530.65,-0.1336193917494843
2024-05-23,SKIP,0.0095914195227223,0.0183872149930423,0.0091030554951305,532.96,0.5907555253571894
2024-05-24,SKIP,0.0190581304252978,0.0182959277679129,0.0021609620150286,527.85,0.3593429158110783
2024-05-28,SKIP,0.0132391500763039,0.0213085826679373,0.0034471425012827,530.27,0.1567694167422084
2024-05-29,SKIP,0.0081742178230226,0.0064058123370626,0.0012746392000099,525.68,-0.7795247352824553
2024-05-30,SKIP,0.0359518777939084,0.0669998522377798,0.0015500984269142,524.52,-0.3003231324843258
2024-05-31,SKIP,0.0383483549377732,0.0256363745165714,0.0016822403509175,523.59,0.1875203306481054
2024-06-03,SKIP,0.0040555795131764,0.0076830851021882,0.0034223194542333,529.02,0.3128733147505613
2024-06-04,SKIP,0.0181477753155199,0.0170554392084061,0.0135916211313438,526.46,-0.2538840469874848
2024-06-05,SKIP,0.0131230392537821,0.0277784005433001,0.0133933988767675,530.77,0.4504248755653917
2024-06-06,SKIP,0.0091911921953296,0.0218659137069868,0.0041078037899054,534.98,0.0579796884059513
2024-06-07,SKIP,0.0094248212733198,0.0153846204428033,0.0009327818657121,533.66,-0.1870347510567471
2024-06-10,SKIP,0.003797205087996,0.0098539703203698,0.0026334764652101,533.18,-0.1554278009775145
2024-06-11,SKIP,0.0086909960516072,0.0141627770388784,0.0050075924051069,534.07,-0.2968300787812961
2024-06-12,SKIP,0.0082907583641404,0.0116603330598053,0.0049953691799144,541.63,0.8715895334761026
2024-06-13,SKIP,0.0047125112310828,0.0096863086932473,0.0005773343812209,543.15,0.3306487365154265
2024-06-14,SKIP,0.0081264566445624,0.0093656207267112,0.000963642396565,540.88,-0.2894275970135584
2024-06-17,SKIP,0.0102322187631692,0.0069710167051566,0.003741593390384,542.08,-0.1289656951250828
2024-06-18,SKIP,0.0190823070578643,0.0152461404653653,0.0021079346930783,547.16,0.0109669164686465
2024-06-20,SKIP,0.0609272461032677,0.0510395121229606,0.0039217141743874,549.44,0.1732027931229396
2024-06-21,SKIP,0.0068122938185791,0.028626679576558,0.0018320199562228,544.4,-0.4753199268738628
2024-06-24,SKIP,0.0075022530211305,0.0109024989569921,0.0009349529922767,544.33,-0.0330572441277432
2024-06-25,SKIP,0.0101390583071898,0.017280500918689,0.0021375112140142,543.99,0.2303128569849377
2024-06-26,SKIP,0.0149150559418726,0.0168986649345315,0.0042805780665185,543.69,-0.209239579318321
2024-06-27,SKIP,0.0077155702154546,0.0190544928805836,0.004747337426854,545.37,-0.0256640574874844
2024-06-28,SKIP,0.0152893513358656,0.0152626980544373,0.0007661061199387,547.16,0.1445906620055836
2024-07-01,SKIP,0.0043349514298783,0.005172064816299,0.0028550771346466,545.63,0.2590863988827907
2024-07-02,SKIP,0.0151522382810699,0.013000840327789,0.0154420272573464,543.7,-0.3007298199288466
2024-07-03,SKIP,0.0053798205855853,0.010694516073226,0.0071701624237315,548.69,-0.0582867343035475
2024-07-05,SKIP,0.0046787719072363,0.0107799476812489,0.0008603675443061,551.77,0.0562144126500463
2024-07-08,SKIP,0.0022751107041532,0.0059385048542608,0.0012531883996919,555.44,0.1442377037357722
2024-07-09,SKIP,0.0107859074165572,0.0184880931481513,0.0013257226493793,556.26,0.1764875378187591
2024-07-10,SKIP,0.0041691131567899,0.0035525404251515,0.0011191899204163,557.07,0.2248929509553354
2024-07-11,SKIP,0.00210583942261,0.0076888522950147,0.0015763753841607,561.44,0.0213781800042722
2024-07-12,SKIP,0.0071168708281466,0.0091907031237843,0.0005758737471485,557.63,0.2066561242093145
2024-07-15,SKIP,0.0022730299356748,0.0020499629753649,0.0003128584408826,562.03,0.3642922195039144
2024-07-16,SKIP,0.0082323427382659,0.0037598002732619,0.0003400482038782,562.865,0.2377433084608249
2024-07-17,SKIP,0.0019110329980315,0.0019214255704626,0.0001347724597328,558.8,-1.0728322062103943
2024-07-18,SKIP,0.0110571912696347,0.0090316914706861,0.0003409103157757,558.51,0.2818975114015742
2024-07-19,SKIP,0.0043936305807665,0.0172244072476854,0.0009167563879361,552.42,-0.0434263380740485
2024-07-22,SKIP,0.0135495901662381,0.0194510503678596,0.0014296419778043,553.0,0.7304322483105308
2024-07-23,SKIP,0.0177035548326189,0.0334361771302576,0.0034997763084029,554.54,-0.0198323266925148
2024-07-24,SKIP,0.00882557956234,0.0141315399592303,0.001804971305305,548.86,-0.8884394524901529
2024-07-25,SKIP,0.0298961575482103,0.0490873757549366,0.0017527198562997,541.35,0.0221717199711868
2024-07-26,SKIP,0.0777903515441454,0.0588126338882541,0.0029733992115134,542.28,0.7187830835237108
2024-07-29,SKIP,0.0265655329915727,0.0324484329245448,0.0027577061473258,546.02,0.2902064506648871
2024-07-30,SKIP,0.0394741959583435,0.0556615043357727,0.0023813539153796,546.26,0.2753506131140337
2024-07-31,SKIP,0.0698910543883272,0.0840760862707587,0.0041565346219214,548.98,1.2878228782287948
2024-08-01,SKIP,0.020563007049833,0.0591478493449117,0.0025033817761377,552.57,0.3195294203082843
2024-08-02,SKIP,0.0434552197682478,0.0355120496167356,0.0043402643460246,535.75,-1.3369919522660756
2024-08-05,SKIP,0.063610460406555,0.0255975710424465,0.009114078733637,511.64,-3.989491461812722
2024-08-06,SKIP,0.1671792132886585,0.050356962206098,0.0012516527250023,519.22,0.3556380223433519
2024-08-07,SKIP,0.1972376994663377,0.1232556847387994,0.0156552265898206,528.47,1.2103801589581575
2024-08-08,GO_HOT,0.4786284645470131,0.1884082068117524,0.0254980883910752,523.91,1.0122238075039425
2024-08-09,SKIP,0.1657735274354053,0.0810265943431224,0.0058233837586031,529.81,-0.1582964289079447
2024-08-12,SKIP,0.1537962954540824,0.101105144114823,0.1155321226391327,534.21,0.228897352670776
2024-08-13,SKIP,0.1914354401695114,0.1129512173583017,0.0954592838926195,536.53,0.6113225945580947
2024-08-14,SKIP,0.0886368900155342,0.0397909877076054,0.0422599657313483,542.85,0.1494354660172892
2024-08-15,SKIP,0.0657108388994443,0.0906332457819599,0.0445153399312976,549.5,1.0574712643678152
2024-08-16,SKIP,0.0076239340506595,0.0617282692876441,0.0087032157403391,551.42,-0.2983347496700372
2024-08-19,SKIP,0.0089832549065178,0.0456145869826782,0.0425538850391951,554.73,0.0757698760621483
2024-08-20,SKIP,0.0202621548757286,0.0482058557008583,0.0361990036687682,559.15,-0.0822001036436148
2024-08-21,SKIP,0.0136146650385055,0.0624994591362525,0.042643019355687,559.77,0.1915160193305842
2024-08-22,SKIP,0.0229160730743232,0.0539757524099311,0.0292470812084049,562.56,0.3460454496807097
2024-08-23,SKIP,0.0609960378156663,0.0392855134423062,0.0047566528707027,559.53,0.5950882744237829
2024-08-26,SKIP,0.0206657300871663,0.0228069743013376,0.0123529159445011,563.18,0.1867895326703728
2024-08-27,SKIP,0.0212877983921187,0.0254373244609757,0.0119450765830917,559.49,-0.2318158312380691
2024-08-28,SKIP,0.0110568595404534,0.0346284435781933,0.0123312450594959,561.21,-0.0623263765225257
2024-08-29,SKIP,0.0649316906699572,0.0365010441734867,0.0255754594309795,560.31,0.3600214938205281
2024-08-30,SKIP,0.0642909142736217,0.0351125234616311,0.0074208566934819,560.77,0.4334198979134784
2024-09-03,SKIP,0.0312694607474587,0.0287860259697574,0.0134504435925695,560.47,-0.5694720408742415
2024-09-04,SKIP,0.0851775443517705,0.0247107831598691,0.0262409033042617,550.2,-0.3405303579191443
2024-09-05,SKIP,0.0564688304146366,0.0683661500181951,0.0168821214069889,550.89,-0.0108902804247357
2024-09-06,SKIP,0.1398171261260778,0.0586936752170484,0.0448640277815238,549.94,0.0600425756445588
2024-09-09,SKIP,0.1295545801493986,0.0380376414479755,0.0420255489630485,544.65,0.7939151676660039
2024-09-10,SKIP,0.2196427046445632,0.1351663299609504,0.0530923163656946,548.36,0.3568748741787475
2024-09-11,SKIP,0.0586289125708889,0.081944109962232,0.0855298419792821,548.7,-0.0163997157382467
2024-09-12,SKIP,0.0803199115750763,0.0420507284327084,0.0157178355576807,555.01,0.1064175174055881
2024-09-13,SKIP,0.1608403109283469,0.0656012180887138,0.0061560859314494,559.71,0.1108944892593388
2024-09-16,SKIP,0.1954254335138135,0.0703672919578138,0.0201744585707171,561.74,-0.0480418497891488
2024-09-17,SKIP,0.2430163962772679,0.0449264644677336,0.021615501486411,565.1,0.4015350721341848
2024-09-18,SKIP,0.1732082461255775,0.0395691384124387,0.0220470856612453,563.74,0.1189905340366115
2024-09-19,SKIP,0.2206215055516797,0.0779243693077477,0.0316556142320024,571.01,1.711791948699681
2024-09-20,SKIP,0.0436983893690617,0.0489823066744975,0.0062664167893552,567.84,-0.5499316963816558
2024-09-23,SKIP,0.0040132257962346,0.0103566926769555,0.0016057443590304,569.34,0.1918169819621784
2024-09-24,SKIP,0.0369494827186577,0.083775242747434,0.0062657211856773,570.48,0.1421875822844809
2024-09-25,SKIP,0.0225053722202692,0.0086960058353084,0.0047690711598761,571.14,-0.0280063014178155
2024-09-26,SKIP,0.0021945023354262,0.0015090977347471,0.0010062148665328,574.38,0.7613500806960882
2024-09-27,SKIP,0.0147187649993415,0.0187418921488177,0.0040151060164201,573.39,0.1904595491875049
2024-09-30,SKIP,0.024549692823706,0.0095615656555397,0.0032627405712236,570.42,-0.1837366790907735
2024-10-01,SKIP,0.0145770894350554,0.0247523908010372,0.0066136842729452,573.4,-0.062744004461801
2024-10-02,SKIP,0.0278421985680473,0.0199708882827972,0.0077866266302561,567.71,-0.1600365797896574
2024-10-03,SKIP,0.0409174948274382,0.059890479605254,0.0336782338250335,567.36,-0.2636852652673771
2024-10-04,SKIP,0.0181626843269681,0.0595645510807757,0.0097703060438243,572.35,0.7977880314184116
2024-10-07,SKIP,0.0145766875739388,0.0161100524860234,0.02109024650032,571.3,-0.2932039512723028
2024-10-08,SKIP,0.0734053610881725,0.0333033601871802,0.014390834766291,570.42,0.4614300810144467
2024-10-09,SKIP,0.0106031029835973,0.0250161459011874,0.0148322111175807,573.16,-0.0017446830783196
2024-10-10,SKIP,0.0258274478913733,0.021818349416431,0.0098932582524117,575.77,-0.2373774127594652
2024-10-11,SKIP,0.034854217158771,0.046168941038844,0.0018906900043817,576.05,-0.0138857549511484
2024-10-14,SKIP,0.0064956817020246,0.0038021938507219,0.0043894063314942,581.22,0.2829635253114304
2024-10-15,SKIP,0.0070964307340721,0.005802925746275,0.0016180996622618,584.59,0.0462075575027309
2024-10-16,SKIP,0.0118252620391796,0.0048447300886316,0.0016949134047708,579.78,0.0
2024-10-17,SKIP,0.0192819299267947,0.011548156741904,0.0019406997824524,585.91,0.6199553494762089
2024-10-18,SKIP,0.0112535695938317,0.01356108280586,0.001454578274898,584.07,0.2953550270455851
2024-10-21,SKIP,0.0002721151457637,0.0007480098816117,0.0003448143600969,583.85,-0.1265844437982166
2024-10-22,SKIP,0.0270360471223291,0.014763565547832,0.007853152608989,581.05,-0.4420608947449667
2024-10-23,SKIP,0.0117079781168515,0.0148199086862535,0.0046675682129214,581.26,-0.3531509291641033
2024-10-24,SKIP,0.0409564826560732,0.0272302508364671,0.0133410473758124,579.98,0.3442966141282699
2024-10-25,SKIP,0.0603192442508873,0.0252613440731655,0.0033555843045647,581.51,0.3918928250811415
2024-10-28,SKIP,0.0187430593739004,0.01443705137192,0.0076523683448202,582.58,0.6113567283780208
2024-10-29,SKIP,0.0622771433632666,0.0384752564431874,0.0037044547738139,579.85,-0.1687240672830325
2024-10-30,SKIP,0.0207602811119506,0.0163352109615033,0.0032652488368823,581.29,-0.0825068325970734
2024-10-31,SKIP,0.0462465941688288,0.0188154898454995,0.0050119567708696,575.56,-0.7672281512387746
2024-11-01,SKIP,0.0573411781311761,0.0731992451642929,0.0267966130591209,571.32,0.4712999437253895
2024-11-04,SKIP,0.0231930230202869,0.0322453874866017,0.0669339316614456,571.18,0.0245166713365163
2024-11-05,SKIP,0.0647853654466305,0.1042130838888044,0.1866471021111739,570.74,0.1632122988364681
2024-11-06,SKIP,0.0694546772791301,0.1345366172121205,0.1321685156944526,589.2,2.1675047685104865
2024-11-07,SKIP,0.0404912306474491,0.0290505552341562,0.0019081614295207,593.08,0.3451543042772176
2024-11-08,SKIP,0.019228572100213,0.0492363161344796,0.0013147667374379,596.17,0.0940212555195385
2024-11-11,SKIP,0.0043425821578089,0.0056043999597887,0.0011689326361207,599.81,0.2708169645095903
2024-11-12,SKIP,0.0005448392198846,0.0005933662353181,0.0002809005182666,598.68,-0.0133609459549766
2024-11-13,SKIP,0.0116452166159739,0.0062468062399503,0.0049686044424232,597.37,0.0787401574803281
2024-11-14,SKIP,0.0136525433897154,0.0068422653411969,0.0024690205220536,597.32,0.0217686163532571
2024-11-15,SKIP,0.0061700172420903,0.0205389213527902,0.0042052167101951,589.72,-0.6117805679615729
2024-11-18,SKIP,0.0161680353051458,0.0152893934478772,0.0025046253571087,586.22,0.0802390098164851
2024-11-19,SKIP,0.0234260542173402,0.0478923773696634,0.017237994224174,584.71,-0.5848848082971925
2024-11-20,SKIP,0.0202784728604032,0.0307259643918792,0.008478346680464,590.38,0.0135524309673007
2024-11-21,SKIP,0.071404627535953,0.0809878109920447,0.0114998043043672,593.4,0.4911092294665575
2024-11-22,SKIP,0.0326853027726278,0.0377296304079648,0.003477520155498,593.66,-0.0016844374820967
2024-11-25,SKIP,0.0330891854752619,0.0515457115357145,0.005014516185844,599.52,0.6733724034860833
2024-11-26,SKIP,0.03667235785182,0.0303472632776518,0.0041015704951815,598.8,0.2125416297089621
2024-11-27,SKIP,0.0512454805949285,0.0275946257760764,0.0009658062757323,600.46,-0.0316323982352373
2024-11-29,SKIP,0.0373977335915764,0.0135258346005492,0.0019965603907205,599.66,0.1386036103735444
2024-12-02,SKIP,0.0054187776725996,0.0103845276245956,0.025860546170882,602.97,0.0697037590241533
2024-12-03,SKIP,0.0230962578460242,0.0421273568265162,0.0066397775810813,603.39,-0.0397594552954627
2024-12-04,SKIP,0.0062950149877185,0.0174433769393102,0.0084954296571139,605.63,0.2848106505936254
2024-12-05,SKIP,0.0005884589668022,0.0005810809595679,0.0001505025818866,607.66,0.0
2024-12-06,SKIP,0.0006911233411667,0.0005287917403433,0.0002853272559872,607.44,0.1285728414598175
2024-12-09,SKIP,0.0001709040008144,0.0002083395667062,0.0002499254280764,607.69,-0.0197430117964358
2024-12-10,SKIP,0.0081119343389081,0.0105365614721054,0.0083604626768014,605.37,0.1141099424489144
2024-12-11,SKIP,0.0096315592758784,0.014303350840374,0.009680650867149,605.78,0.4943596549435991
2024-12-12,SKIP,0.0363714161428564,0.0169011469302313,0.0064334240250629,606.58,-0.1448655055476866
2024-12-13,SKIP,0.0116318864823642,0.0065638565180463,0.0027307206196301,606.4,0.3425280889580051
2024-12-16,SKIP,0.0338744099243297,0.010109565594849,0.0334903055558459,606.0,0.2962546134622101
2024-12-17,SKIP,0.0894763657235242,0.0136901505015525,0.0021863147834419,604.19,-0.4284843191219245
2024-12-18,SKIP,0.0298019307013684,0.0170042209896731,0.0014493264312164,603.98,-0.0512998725777258
2024-12-19,SKIP,0.2773530403325404,0.0540968178386225,0.0080231641972817,591.36,0.8664801801187227
2024-12-20,SKIP,0.2551321338279316,0.1573720114775068,0.0115002422528813,581.77,-0.7387817778536143
2024-12-23,SKIP,0.1197929257501016,0.0253541079097977,0.0012238608510539,590.89,-0.0439820688488579
2024-12-24,GO_HOT,0.3860659870589532,0.107973196903553,0.014513766197639,596.06,0.2303721266541991
2024-12-26,GO_HOT,0.3564352920402662,0.0749487470162748,0.0239520536236159,599.5,-0.2993514052885393
2024-12-27,SKIP,0.0660690533988857,0.034794758617302,0.0037715663976166,597.54,-0.6319220407756121
2024-12-30,SKIP,0.0601574590768111,0.0118084832573815,0.0118977632486702,587.89,-1.1966185442261468
2024-12-31,SKIP,0.0767222940797723,0.0702441615505917,0.0165225564173117,589.905,0.2864574478936399
2025-01-02,SKIP,0.1544914666075565,0.1303128345448253,0.1107313025405646,589.39,0.5647693147692978
2025-01-03,SKIP,0.0674920759417913,0.070745819768949,0.1017591728300517,587.53,0.4943212917350781
2025-01-06,SKIP,0.0335241328720491,0.0304302321895395,0.1205973219765089,596.27,0.7297913675141432
2025-01-07,SKIP,0.0517767485627456,0.0580268651645391,0.0344427039500672,597.42,0.3460091373286733
2025-01-08,SKIP,0.0642925029260669,0.0578056268717442,0.0298338602589092,588.7,0.0118920204542849
2025-01-10,SKIP,0.0869455641064515,0.1662654081090726,0.0411339782668744,585.88,-0.6123937641011712
2025-01-13,SKIP,0.0549016385458007,0.011886435786802,0.046588387000503,575.77,-0.8131061689262586
2025-01-14,SKIP,0.1109810975406896,0.0527639884648217,0.1076615297971794,584.36,0.5108446997712512
2025-01-15,SKIP,0.1039838664611528,0.0586516641239318,0.09225497260963,590.325,1.3973101564781265
2025-01-16,SKIP,0.0368173495992733,0.0408039920760987,0.0140132107495214,594.175,0.2353318263099257
2025-01-17,SKIP,0.0200095887074134,0.1414203606907406,0.0364094420268325,596.96,0.8991954566966553
2025-01-21,SKIP,0.0523896119170937,0.0891273440591746,0.0092698378327229,600.67,0.5170855784999429
2025-01-22,SKIP,0.028642897855204,0.0319827910205527,0.0088434327133649,605.92,0.4759141033081837
2025-01-23,SKIP,0.0466664408501203,0.0566774939291692,0.0022378656188638,605.8,-0.1055339357562301
2025-01-24,SKIP,0.0114213801162716,0.0171404995200275,0.003757714156566,609.81,0.0098400984009705
2025-01-27,SKIP,0.0194254353963444,0.0063224589290488,0.0155111985104637,594.81,-2.164580489168888
2025-01-28,SKIP,0.0363839476159707,0.0413356978742974,0.0052291838376369,600.62,0.2085523132622668
2025-01-29,SKIP,0.0167834718009522,0.0174156247022514,0.007042053831004,603.72,-0.1323363991265758
2025-01-30,SKIP,0.0604274812911957,0.0418917186186018,0.0187265355695316,603.96,0.357255612236429
2025-01-31,SKIP,0.0392037265904837,0.0398495208126717,0.0060984096836812,607.5,0.4065846886156299
2025-02-03,SKIP,0.0640481459503585,0.0117745259278071,0.0108837027430543,592.67,-1.5203881559270327
2025-02-04,SKIP,0.0918949948445401,0.0529495411416207,0.0089535772892189,597.83,0.0100373053181002
2025-02-05,SKIP,0.0519293249538999,0.0451285512638174,0.0358501355818482,600.64,-0.1894380005982188
2025-02-06,SKIP,0.0935983060482151,0.0695218292602583,0.0478073919673636,605.99,0.2929396577405541
2025-02-07,SKIP,0.0405563535454501,0.0831860926816804,0.018946871626626,606.89,0.094009763821079
2025-02-10,SKIP,0.0355711956597968,0.0155870597801677,0.0141025714136896,604.03,0.542636949248454
2025-02-11,SKIP,0.0964155984504354,0.078916958341274,0.0176999582363056,602.55,-0.3802595684880616
2025-02-12,SKIP,0.0459669953756295,0.0304329649825033,0.0263773625817162,599.2,-1.0094001420759446
2025-02-13,SKIP,0.0449428724286819,0.0402904121297233,0.0178950964808477,604.48,0.1856271546009091
2025-02-14,SKIP,0.0296315464272062,0.0171437519920733,0.0049097557562746,609.94,0.0344414740951037
2025-02-18,SKIP,0.041055482217706,0.0119503512047938,0.0042446330157743,610.88,0.1935378054781056
2025-02-19,SKIP,0.0131553620151099,0.0041567117611933,0.0051781307552188,610.08,-0.2305843104547844
2025-02-20,SKIP,0.0191334082281691,0.0041042776039875,0.0032944511982353,611.54,-0.2267795669978589
2025-02-21,SKIP,0.0079251264928974,0.0100359472463351,0.0059191342024524,610.16,-0.0360431206789302
2025-02-24,SKIP,0.0287520692460768,0.012755995224456,0.0074921596706813,602.02,0.3467013368003258
2025-02-25,SKIP,0.1105860383690064,0.0828473051889713,0.0394749590222811,597.15,-0.010046717235157
2025-02-26,SKIP,0.0763625924525163,0.0705519606270097,0.0618162922149169,595.93,0.284396876682802
2025-02-27,SKIP,0.1482813628896142,0.088556610771137,0.066841906598136,596.85,0.3885356746392343
2025-02-28,SKIP,0.1898305912689117,0.0804420421914148,0.019160744834717,585.56,0.0871720365780648
2025-03-03,SKIP,0.144696623386417,0.0419186440546958,0.0241745104950419,596.18,0.336598337204208
2025-03-04,GO_HOT,0.5499610156532828,0.1473241171291518,0.1113666724755486,579.71,-0.6954793840039608
2025-03-05,GO_HOT,0.7114543231918067,0.2167154859047331,0.0352015460426392,576.69,-0.0294698887078226
2025-03-06,GO_HOT,0.6754994149184622,0.150919545034538,0.1121983746975998,575.48,-1.3000377319658196
2025-03-07,GO_HOT,0.6022682223800734,0.1744749128804802,0.0801809138653316,570.9,-0.3160412774353638
2025-03-10,GO_HOT,0.4497108072205591,0.068800008145399,0.1089126260440372,567.59,-1.4463814418669174
2025-03-11,GO_HOT,0.693709605591157,0.1269849983116345,0.0678058382475042,559.4,-0.2104962717185854
2025-03-12,GO_HOT,0.7234847950225821,0.2080256810306353,0.1032540127699949,562.17,1.124262483810612
2025-03-13,GO_HOT,0.6165763865369355,0.2518328436093046,0.2413456234381694,558.49,-0.0679943457333576
2025-03-14,GO_HOT,0.6885814029003028,0.2121389623248106,0.1263373771820219,556.11,0.8505313554096894
2025-03-17,GO_HOT,0.5629639657429971,0.1012210386426973,0.4541257608603357,562.79,-0.0035535971286915
2025-03-18,GO_HOT,0.625531132973962,0.3164192499977095,0.3099153587311235,564.8,-0.4143524640747631
2025-03-19,GO_HOT,0.507693390759634,0.2904442973618305,0.2858715753600236,562.83,0.322626644326407
2025-03-20,GO_HOT,0.608391840528557,0.1898873378077814,0.2551272160612956,563.33,-0.6700403787491371
2025-03-21,GO_HOT,0.5106296166856331,0.4758247333019192,0.1877231271325988,559.28,-1.0981626553962065
2025-03-24,SKIP,0.0800984177255538,0.0846412291214308,0.0460874867409287,570.8,1.2092627398134548
2025-03-25,SKIP,0.0591945385815631,0.1740987485250445,0.0621181313449684,575.3,0.2125139353400085
2025-03-26,SKIP,0.0779129075033807,0.1964495941658122,0.0669282569209775,575.19,-0.046918986549882
2025-03-27,SKIP,0.1035421224177791,0.0760305967951199,0.1355439963184311,567.18,-0.2479818498390851
2025-03-28,SKIP,0.1107700940729524,0.0950000609338822,0.1137401529140564,565.53,-0.273330041616715
2025-03-31,SKIP,0.0758718305408802,0.0233645278456226,0.0874033194498575,549.83,-1.0492027498830048
2025-04-01,SKIP,0.2856096739150874,0.1104800224204063,0.048992113251005,557.45,-0.3468063426232071
2025-04-02,GO_HOT,0.4805751352928446,0.2217847925673102,0.207614270130245,555.05,-1.0553149009751128
2025-04-03,GO_HOT,0.689977169726699,0.1239761249646078,0.1024740828068158,545.11,-3.438319280096358
2025-04-04,GO_HOT,0.9324948920540092,0.2309543887193041,0.1058933701886304,523.67,-2.42779951555806
2025-04-07,GO_HOT,0.974931601538882,0.0894787462926862,0.0704342714008587,489.19,-3.1843730208993004
2025-04-08,GO_HOT,0.98911657262331,0.1609905554762344,0.1194325685849422,521.86,3.465640984971663
2025-04-09,GO_HOT,0.9992941552004664,0.097477928064378,0.1014599239948317,493.44,-0.6123106670963607
2025-04-10,GO_HOT,0.999901800457459,0.2978474038217202,0.7667565836299031,532.17,-2.998432430461895
2025-04-11,GO_JACKPOT,0.9999952757500006,0.7696380029810294,0.4653098034237414,523.01,-0.2992870486865806
2025-04-14,GO_JACKPOT,0.999913631269596,0.7691863574048319,0.4391753375336866,544.05,1.8934711765366647
2025-04-15,GO_JACKPOT,0.9995677193065556,0.6563042348971108,0.4597957469630143,539.675,0.1029455408814161
2025-04-16,GO_ULTRA_JACKPOT,0.9972098862981632,0.5727746884706947,0.5951631192699749,531.68,-1.1030300775655366
2025-04-17,GO_HOT,0.8086176021082074,0.0767049537966007,0.2328500468287317,527.64,0.3766693299851686
2025-04-21,GO_HOT,0.4917653217593213,0.1442127184745617,0.3378140934227179,521.16,-0.997321479455182
2025-04-22,GO_HOT,0.4132188180653856,0.1328094101653001,0.3447559510405256,520.14,1.218183233439718
2025-04-23,GO_HOT,0.5144760397766245,0.4307805296028262,0.3850920245322805,540.43,2.4997629208155514
2025-04-24,GO_HOT,0.3953644008530547,0.1956625991708981,0.1498144464801394,536.715,0.2418661984983972
2025-04-25,SKIP,0.183881619341435,0.2156386500457421,0.0999325262390365,546.65,-0.0073167608699797
2025-04-28,SKIP,0.1230350231268648,0.2398094997183683,0.1456223889010351,551.39,0.1362051431061939
2025-04-29,SKIP,0.2352899207214178,0.168288247103583,0.1221337033946643,548.91,-0.3521829899246764
2025-04-30,SKIP,0.109577287888234,0.3353875618342111,0.0548544042932175,547.57,-1.2177081829989889
2025-05-01,SKIP,0.2108020429785712,0.3453345866711591,0.2414611538760742,560.37,1.0513218162801596
2025-05-02,SKIP,0.2210811440229673,0.6335075891741456,0.0580756314548217,564.73,1.1209196554873069
2025-05-05,SKIP,0.0290396955949692,0.1236596703662038,0.2544855674713799,562.57,-0.7392899992942237
2025-05-06,SKIP,0.1809279939365107,0.3186037893969797,0.2018595959684576,557.93,-0.9902220013841888
2025-05-07,SKIP,0.0789386111126807,0.1065307487351887,0.166970772792235,560.15,0.2415891195418851
2025-05-08,SKIP,0.0789090677718164,0.1073043777229949,0.1184090469463836,565.24,0.7288603760135404
2025-05-09,SKIP,0.1185350781890538,0.0998687663118034,0.0466951157298754,566.48,0.2513007468233574
2025-05-12,SKIP,0.2376116944434924,0.1568825032796736,0.1012884906205447,581.47,3.035404188964108
2025-05-13,SKIP,0.0740566493533809,0.0292216237574737,0.0164739095210397,583.41,0.0720424020995036
2025-05-14,SKIP,0.0023154466358124,0.0026090855646132,0.000889591710636,587.81,0.1652920727966522
2025-05-15,SKIP,0.0021128591358834,0.0031721048473029,0.0006541589356498,585.56,-0.3454789904525412
2025-05-16,SKIP,0.0010815498116533,0.0056556799145089,0.0008988971613687,591.25,0.1337939911255636
2025-05-19,SKIP,0.0028261966622343,0.0055313402839224,0.0052805999836278,588.1,-1.02659037361158
2025-05-20,SKIP,0.0238091488120902,0.0656682633670407,0.0245660701803414,593.09,-0.2958729091367518
2025-05-21,SKIP,0.0708734218012469,0.0638522147624679,0.0163660326856279,588.44,-0.7438643839082326
2025-05-22,SKIP,0.0765509940373816,0.0763192927541993,0.0117482223006778,582.66,-0.0343135572864916
2025-05-23,GO_HOT,0.3282412220949746,0.2178814769771194,0.01134938408549,575.98,-1.2193657925877677
2025-05-27,SKIP,0.088189171474301,0.0927413343506384,0.0284998666611307,586.07,1.2018442092176065
2025-05-28,SKIP,0.0592507449373108,0.0536505367061255,0.0128162145683545,591.56,0.0693563393385776
2025-05-29,GO_HOT,0.4369334438286802,0.1319474576786874,0.0060388471981305,593.06,0.906879009068784
2025-05-30,SKIP,0.084747089903934,0.0392427518714757,0.0027782034520817,588.93,-0.1898144225065734
2025-06-02,SKIP,0.0491184010255036,0.0453653669895694,0.0422350003747115,587.76,-0.2765571183766302
2025-06-03,SKIP,0.0887252543813418,0.0597679192081263,0.03590102500932,592.34,-0.0624251320207158
2025-06-04,SKIP,0.0667470231372422,0.0843992069713699,0.0091554810819534,596.96,0.145951114764542
2025-06-05,SKIP,0.0685208548311939,0.0600625849531775,0.0060969430009713,597.63,0.2852684040071995
2025-06-06,SKIP,0.0622877091361833,0.0486889331362632,0.0114845157850941,598.66,0.9459573391788156
2025-06-09,SKIP,0.0240136686399114,0.0193191888779738,0.0107608342669762,599.72,0.0968054211035962
2025-06-10,SKIP,0.0303655389936428,0.0116808604187824,0.0074034872553828,600.22,0.0900480256136759
2025-06-11,SKIP,0.0008107738165196,0.0008400481780598,0.000371907499263,604.19,0.184055183391929
2025-06-12,SKIP,0.0202343693649756,0.0178295960645846,0.0048681316284585,600.01,-0.2244911533856641
2025-06-13,SKIP,0.0414316025903755,0.0274682213591054,0.0042442358229974,598.5,-0.8695652173912993
2025-06-16,SKIP,0.037664335316243,0.0176827553306546,0.024412254650397,600.4,0.5695142378559392
2025-06-17,SKIP,0.086937680357133,0.0288677911488675,0.0062738994834378,600.21,-0.4098360655737543
2025-06-18,SKIP,0.1537300328260789,0.026004957301605,0.0104584668231897,598.44,0.1522936086891135
2025-06-20,SKIP,0.0079504556961523,0.0085696862617887,0.001791871582088,598.38,0.1573379753615267
2025-06-23,SKIP,0.0313562813833157,0.0241228482899504,0.0172303578845338,595.04,0.1278858450562081
2025-06-24,SKIP,0.0553892719264971,0.0459923784899546,0.0110280664036384,604.33,0.6964925435307912
2025-06-25,SKIP,0.0423833661113569,0.0257138193995713,0.0012895715004245,607.91,0.1862289462408073
2025-06-26,SKIP,0.0491859295108271,0.0325161673541337,0.0009245283621222,608.99,0.3080115957306617
2025-06-27,SKIP,0.0015594893434732,0.0012676465664428,4.979732733106474e-05,612.88,0.1650677431480618
2025-06-30,SKIP,0.0044306291139779,0.007619724532491,0.0007292199836222,617.38,0.4016847994015471
2025-07-01,SKIP,0.0234711100966615,0.0295144897094023,0.00441169119469,616.36,-0.2411588573278278
2025-07-02,SKIP,0.011083860019798,0.0138288261613208,0.0017310926540207,617.24,-0.0663806362826813
2025-07-03,SKIP,0.0011469072415689,0.0016895431681483,0.0003239694637517,622.45,0.3223466838584876
2025-07-07,SKIP,0.0003143565643,0.0007968524336065,0.0005326181424937,623.36,-0.3166277545015528
2025-07-08,SKIP,0.0132690761123003,0.0171188552431127,0.0050517942168157,621.35,0.1079461236063838
2025-07-09,SKIP,0.0241670572455711,0.0441354992896808,0.0039444395371464,622.77,0.3917206693103692
2025-07-10,SKIP,0.0208053325384629,0.016869654640527,0.0021100995244172,624.2,0.0224337403454955
2025-07-11,SKIP,0.0012597523845701,0.0017871078208033,0.0002507993533793,622.74,-0.4921542935668488
2025-07-14,SKIP,0.0004703865141793,0.0003807033654566,0.0003789113300473,623.16,-0.0737628684134628
2025-07-15,SKIP,0.000897283936177,0.0005524787548263,0.0004726555642529,627.52,0.4337318544837654
2025-07-16,SKIP,0.0166230479291441,0.0075174268136989,0.00136814051964,623.74,0.2571768412254593
2025-07-17,SKIP,0.0169905692705429,0.0082241430867472,0.0004941879401829,624.4,0.028835987312159
2025-07-18,SKIP,0.0101564562002061,0.0264943953232626,0.0010418565357289,629.3,0.2006241640659878
2025-07-21,SKIP,0.0254434928397495,0.0271082527625078,0.0032051948334045,628.77,0.1896172599509027
2025-07-22,SKIP,0.0357292742792383,0.0175527893056611,0.001274455620879,629.1,0.0524834200104962
2025-07-23,SKIP,0.0028981227500203,0.0011430436096061,0.0001816704895803,631.55,0.4277581655694362
2025-07-24,SKIP,0.0144703219058658,0.0122271985670401,0.0005215153662568,634.6,0.0614938269658305
2025-07-25,SKIP,0.0184230391142224,0.0228923687802331,0.00021184752029,635.09,0.1056082721225815
2025-07-28,SKIP,0.0047018779194445,0.0059996559160696,0.0007774314231283,637.48,0.0596452676189018
2025-07-29,SKIP,0.0008318814224043,0.0006367557934358,7.66051556326665e-05,638.35,0.2213709297578914
2025-07-30,SKIP,0.0093616364133459,0.007728032619162,0.0007233825746074,635.92,0.10389446840664
2025-07-31,SKIP,0.0194022269368973,0.0140520127759695,0.0003112016511288,639.455,0.7872836743057166
2025-08-01,SKIP,0.0452788263805093,0.0244472387682168,0.0007903716151154,626.3,-0.9144412099734378
2025-08-04,SKIP,0.0329636153096417,0.0261801630137993,0.0028345137657641,625.67,0.6353342340603474
2025-08-05,SKIP,0.0325168437387025,0.0317168865164414,0.0054476058409302,631.79,0.0982302707669857
2025-08-06,SKIP,0.0495429899082647,0.0380259354382201,0.0100362369166775,629.05,0.1719827380288752
2025-08-07,SKIP,0.0417493536758677,0.040055526484586,0.0058494768711967,636.24,0.5467935143335767
2025-08-08,SKIP,0.0339289885107252,0.0236164620138029,0.0035593283223345,634.06,0.2862791617239901
2025-08-11,SKIP,0.0083536598192368,0.0069509295676688,0.0025604341792702,637.46,0.0439436266047366
2025-08-12,SKIP,0.0286693528350174,0.0096955192468054,0.0066459182716774,638.29,0.3726883884765497
2025-08-13,SKIP,0.013721460389401,0.005174014795103,0.0013539977229894,644.91,0.3454231433505983
2025-08-14,SKIP,0.0159660875545487,0.0087381131837448,0.000928131402239,642.79,-0.3256369303292095
2025-08-15,SKIP,0.0104583694976785,0.0318604903212719,0.0008006667815104,645.99,0.1612528102953758
2025-08-18,SKIP,0.0124081340476449,0.011593639716558,0.0062253651450141,642.86,-0.0901404948402406
2025-08-19,SKIP,0.0330264107311012,0.0533092760229971,0.013209892610014,643.12,-0.0279807243898533
2025-08-20,SKIP,0.0259359523210909,0.0236903046587433,0.0108061861824755,639.4,-0.0640815242024972
2025-08-21,SKIP,0.0581469400680678,0.0390603335984978,0.0055103959791586,636.28,-0.2867844102114159
2025-08-22,SKIP,0.0494143087594434,0.049703642091851,0.0126653432166217,637.76,0.3477303123279096
2025-08-25,SKIP,0.0097395091537672,0.0077299502759328,0.0019738971017223,644.04,-0.1968046365312781
2025-08-26,SKIP,0.1063773002034467,0.0365786938890562,0.0039722326263936,642.2,-0.0420253085747113
2025-08-27,SKIP,0.0256738834155679,0.0190214501080679,0.0067149484899545,644.57,-0.0914501829003544
2025-08-28,SKIP,0.065916201987916,0.0343867099509561,0.0043006944069423,647.24,0.0943352458129043
2025-08-29,SKIP,0.01604774127442,0.015420363583471,0.0009984955480754,647.47,-0.2234481908401586
2025-09-02,SKIP,0.0625743858934809,0.0388423669385422,0.029974768251184,637.5,-1.1704519029532512
2025-09-03,SKIP,0.040429523343273,0.0418917657551993,0.0237431696761466,642.67,0.374841863588804
2025-09-04,SKIP,0.0291696991964749,0.0295009024104637,0.0102946893799698,644.42,0.1056327088575947
2025-09-05,SKIP,0.02691030434233,0.0247439855647253,0.0075216161221137,651.48,0.3635691397584351
2025-09-08,SKIP,0.01530205390742,0.0086809105879993,0.0040410945348936,648.62,0.213213027624981
2025-09-09,SKIP,0.0442686407022162,0.0469839276264595,0.0037394073413991,648.97,0.0215773006796871
2025-09-10,SKIP,0.0192862259082838,0.0142404905777792,0.004101406937524,653.62,0.5058970061353474
2025-09-11,SKIP,0.025428381081966,0.0141633620348576,0.0011276127403451,654.18,0.3020499532359055
2025-09-12,SKIP,0.0077433244812419,0.0091461774980921,0.0007437340082168,657.6,-0.0045618356826704
2025-09-15,SKIP,0.0150841963865117,0.0126900790058441,0.0017436072424018,659.64,0.3392099298763273
2025-09-16,SKIP,0.0127223067777371,0.0180148522390831,0.0015482585729576,661.47,0.0847316578656887
2025-09-17,SKIP,0.0011045104896761,0.0007264076895265,0.0003319601149725,660.01,0.0015151515151412
2025-09-18,SKIP,0.0191691631176527,0.0083180346659602,0.0007547040241542,661.89,0.4111168421372158
2025-09-19,SKIP,0.0098323199129759,0.0402405629459423,0.0007085613471305,662.33,0.0105698668196874
2025-09-22,SKIP,0.0035417069720877,0.0049562629170775,0.0003876852421785,662.2,-0.2260057254783842
2025-09-23,SKIP,0.0063426497872068,0.0098862997103956,0.0007246703285834,666.72,-0.0179953212164796
2025-09-24,SKIP,0.015564701447904,0.0143920580353105,0.0006128951249625,664.51,0.1960163447475071
2025-09-25,SKIP,0.0272477476761241,0.0237840220667881,0.0019931277418102,657.94,-0.4779912267433017
2025-09-26,SKIP,0.0169412895967597,0.0224976595226246,0.0010129156280477,659.51,0.2218676392371499
2025-09-29,SKIP,0.0056492747221565,0.0064127684022062,0.0012881778455242,664.36,0.3837901544226474
2025-09-30,SKIP,0.0097274256909533,0.0172902555502654,0.0009236075194608,662.93,-0.1130062680810062
2025-10-01,SKIP,0.0185719049308809,0.0156368911832051,0.0032488801991586,663.17,-0.4518298357801154
2025-10-02,SKIP,0.0144883574741284,0.0125734378085605,0.0029245794550443,670.45,0.2991996409604347
2025-10-03,SKIP,0.0129427176671492,0.0149311360396843,0.0038007500730075,669.99,0.115059322793698
2025-10-06,SKIP,0.0061095292786806,0.0074196581555418,0.0036036545476309,671.62,0.360126118856563
2025-10-07,SKIP,0.0175883686460791,0.0229954269932012,0.0034576266394611,672.54,0.1384732210657935
2025-10-08,SKIP,0.0128560770365782,0.0106172024170326,0.0018589121259079,670.25,0.1688785270205661
2025-10-09,SKIP,0.0103189263939221,0.0088683588811136,0.0014915611370939,673.53,0.0623969336363883
2025-10-10,SKIP,0.009680681221386,0.0103938042167367,0.0016743594823695,672.13,0.1445258954645645
2025-10-13,SKIP,0.046716423768897,0.0223660104053355,0.003766767227426,660.65,1.1684175063550797
2025-10-14,SKIP,0.1395626206397461,0.041355192968435,0.0094914672289207,657.17,-0.8853161196911152
2025-10-15,SKIP,0.0377930378292988,0.0159743282987296,0.005366582206903,666.82,0.6931126647841346
2025-10-16,SKIP,0.0955275977981442,0.0182006749401038,0.0021562662172134,666.82,0.2480568877129219
2025-10-17,SKIP,0.0988612416749762,0.0696518383941385,0.0019252390310726,659.5,-0.1725599418745393
2025-10-20,SKIP,0.0472440271004101,0.0229443538636537,0.0056315468489397,667.32,0.441006035611613
2025-10-21,SKIP,0.0512315310273531,0.0569349183664441,0.005915820939673,671.44,0.0208550573514321
2025-10-22,SKIP,0.0719967920215252,0.0501505013356287,0.00413808541918,672.0,0.1057665092583093
2025-10-23,SKIP,0.0427006833366382,0.0239118282964417,0.0059865720262881,668.12,0.0479185384845815
2025-10-24,SKIP,0.0367082927383612,0.0348855897442666,0.0044990109475548,676.46,0.6996546385613867
2025-10-27,SKIP,0.011237797099962,0.0193343870572017,0.0022407899509385,682.73,0.8091546696197938
2025-10-28,SKIP,0.0153522061375271,0.0129195020321023,0.0014465963059168,687.05,0.2641410308796832
2025-10-29,SKIP,0.0054810423465552,0.0092947509821809,0.0011332628976394,688.72,0.2416091753267624
2025-10-30,SKIP,0.008369791578382,0.007718303127979,0.0006124476479865,683.9,-0.5077175984521176
2025-10-31,SKIP,0.0156422558323018,0.0248801671052859,0.0018369684435724,685.04,0.7663680626038838
2025-11-03,SKIP,0.0119001055424572,0.0151598772692184,0.0148519545112429,685.67,0.5292789490660699
2025-11-04,SKIP,0.0366995880941464,0.0376272423048757,0.0586469956917614,676.11,-1.058038458161381
2025-11-05,SKIP,0.0249939163197156,0.0276872079929312,0.0188273992403956,674.98,-0.0385048279130328
2025-11-06,SKIP,0.0280746998843386,0.0293922784771001,0.0255677747972663,676.47,-0.1638182945187249
2025-11-07,SKIP,0.0463381950078664,0.0422821832923492,0.0325405980381116,667.91,-0.3580432934015554
2025-11-10,SKIP,0.0274549599537112,0.0240749337945263,0.0209315528086507,677.235,0.933722819202054
2025-11-11,SKIP,0.0371247248806141,0.0236144998288704,0.0136712444637822,679.95,-0.218654613759095
2025-11-12,SKIP,0.0258152729334584,0.0430805157915895,0.0105210565103671,684.79,0.2620790629575431
2025-11-13,SKIP,0.0402118784787889,0.0470590503595283,0.008313010144487,680.5,-0.4214346337323316
2025-11-14,SKIP,0.0850496412430064,0.0465101086183129,0.0110601064957954,665.38,-0.9910124397357278
2025-11-17,SKIP,0.0315802969982899,0.0072867250246184,0.0089194335845017,669.7,-0.3318798089086527
2025-11-18,SKIP,0.1352619130781502,0.0258538751266789,0.0198479917870465,662.095,-0.5370528940766395
2025-11-19,SKIP,0.1156913765909881,0.0146179681966381,0.0049112372006782,660.78,0.1060477517876412
2025-11-20,SKIP,0.1457866368233215,0.0294239621234578,0.0075138174683446,672.91,1.551393688785585
2025-11-21,SKIP,0.1566559833147737,0.1028440966053778,0.0023736149130341,655.05,0.3861891407291651
2025-11-24,SKIP,0.2653698247665875,0.0855941931909794,0.0117028436464126,662.69,0.5553616679058848
2025-11-25,SKIP,0.1131875688249948,0.1151556483627346,0.0150783931890176,668.63,-0.0149537182420389
2025-11-26,SKIP,0.10478690554293,0.0427509080392899,0.0116202977308974,677.63,0.3866552102159915
2025-11-28,SKIP,0.0715487748773551,0.0810698398440477,0.0031907416003512,680.86,0.173611111111116
2025-12-01,SKIP,0.0353249831282085,0.038321043786616,0.0573889280437786,678.81,-0.670188325846155
2025-12-02,SKIP,0.0304543602376023,0.0343679082657418,0.0678892642719199,681.92,0.2425507519073333
2025-12-03,SKIP,0.0290232141233996,0.0244080327833464,0.0502845084080543,680.57,-0.1408595366307996
2025-12-04,SKIP,0.0205479707965627,0.0291361889438634,0.0409766682898174,685.3,0.2061735074353921
2025-12-05,SKIP,0.0141836954144695,0.0205628021283258,0.019332017715546,685.47,0.1578047604436028
2025-12-08,SKIP,0.0093216616750391,0.0104200996981961,0.0075967068050442,686.59,0.1312546486021304
2025-12-09,SKIP,0.0154004304949801,0.0189399777588463,0.0374920743512239,683.15,-0.0702134195398107
2025-12-10,SKIP,0.0261664477780777,0.0404484000620375,0.0167834315785433,682.56,-0.0702740688685921
2025-12-11,SKIP,0.0175556196738853,0.019885554248699,0.0077084062100907,685.14,-0.3534185610192475
2025-12-12,SKIP,0.0147665435416765,0.0183362297092422,0.0044186211195093,688.17,-0.1451020793127977
2025-12-15,SKIP,0.0415779026361674,0.0124779894629144,0.0115637421870834,685.74,0.5837831494954315
2025-12-16,SKIP,0.0895450444989255,0.0281615368060857,0.0117939888174378,679.23,-0.2203516812833261
2025-12-17,SKIP,0.0880341502168578,0.023421929644987,0.0048238138781786,679.89,0.1502496796146557
2025-12-18,SKIP,0.2465304358782135,0.0745242542122954,0.0189374245202056,677.6,0.9234435507893934
2025-12-19,SKIP,0.0719578636734398,0.1558980998349378,0.0110725743468981,676.59,0.0177391458601183
2025-12-22,SKIP,0.0185592309760193,0.0228351427920983,0.006574161193764,683.94,0.4922199856007392
2025-12-23,SKIP,0.0295820051369896,0.0243515141404178,0.011002906767251,683.92,-0.1328796927704822
2025-12-24,SKIP,0.0196650960791992,0.0226967777778245,0.0034334319236542,687.95,-0.0014535728821485
2025-12-26,SKIP,0.0187006128804885,0.0230417188839632,0.0021642450521113,690.64,0.0376604188997431
2025-12-29,SKIP,0.0134585476746818,0.0114169241036275,0.0024622928088465,687.54,-0.4012689950891657
2025-12-30,SKIP,0.0014723445772857,0.0013125183018145,0.0003945950387297,687.445,-0.0588791160863522
2025-12-31,SKIP,0.001267200958559,0.0019092474920661,0.0004122233152517,687.14,0.0189225775461876
2026-01-02,SKIP,0.0366761148568166,0.0574955064743115,0.0446839321879607,685.71,0.5557836696386875
2026-01-05,SKIP,0.0213049710292177,0.0250561588198258,0.0401404515943225,686.54,0.4932886397236435
2026-01-06,SKIP,0.0603312213512802,0.0362916331839215,0.0158869071961206,687.93,0.0305356831268532
2026-01-07,SKIP,0.020933152021787,0.0162126819124279,0.011056203058854,692.19,0.0549283762883101
2026-01-08,SKIP,0.0454900720780558,0.0286772587236791,0.0051694386787332,688.82,-0.110212013109423
2026-01-09,SKIP,0.0386540772847521,0.0281914016698216,0.0053461797175948,690.63,0.1624341923974981
2026-01-12,SKIP,0.0102012162094191,0.0028523813302673,0.0044049150247573,690.68,-0.4884233578745789
2026-01-13,SKIP,0.0213885770499548,0.0061810421192235,0.003871065559053,695.49,0.0474710857931937
2026-01-14,SKIP,0.0428153679242078,0.0073296224548694,0.0038291845931139,691.0,-0.3992677688571144
2026-01-15,SKIP,0.0607972667720146,0.0120886761795564,0.0020805334708331,694.57,0.6098267570542992
2026-01-16,SKIP,0.0215093757489531,0.0195322818507514,0.002786319029153,693.66,0.2051311683809009
2026-01-20,SKIP,0.0854564616956894,0.037329925237232,0.0158500656892312,681.49,-1.4703756180782457
2026-01-21,SKIP,0.1505804459895844,0.1554122056412267,0.0756186115349717,679.65,0.3054989816700493
2026-01-22,SKIP,0.1750633328598629,0.0773596862798443,0.0050822877627605,689.85,0.6492559089582794
2026-01-23,SKIP,0.1280536186374425,0.0523650719447961,0.006914695059154,688.15,-0.1204679381114126
2026-01-26,SKIP,0.0449161594736073,0.039653982596322,0.0138260428310142,690.49,0.1828127040320426
2026-01-27,SKIP,0.0544046095847977,0.0317316654440904,0.0094075294000791,694.18,0.2093167612200908
2026-01-28,SKIP,0.0460458468928743,0.0327168946665155,0.0044367812110695,697.05,0.2243022904714564
2026-01-29,SKIP,0.0519363189764147,0.0221859234937729,0.0012600549480276,696.39,0.1394840528026186
2026-01-30,SKIP,0.0345876963521891,0.0140015274167698,0.001799714627446,691.79,-0.3241888075615207
2026-02-02,SKIP,0.0510111089418064,0.0243201877734273,0.0144572951428376,689.58,-0.3453906961284447
2026-02-03,SKIP,0.0641160576630758,0.0301746448042981,0.0140403743080286,696.21,0.115040048316839
2026-02-04,SKIP,0.1784453665952634,0.0470013824178746,0.0254292348316674,690.35,0.1189215842675617
2026-02-05,GO_HOT,0.4792468481537782,0.1148099790392513,0.0400882615004382,680.94,-0.7650942158877294
2026-02-06,SKIP,0.2994481207864432,0.2230633010547717,0.0893102620071375,681.46,0.5666892948850366
2026-02-09,SKIP,0.0696369364751141,0.0191351538443609,0.0193960824900275,689.42,-0.1737569140772166
2026-02-10,SKIP,0.119433023392992,0.0429469482060989,0.0137503611548246,694.95,0.1441026010519541
2026-02-11,SKIP,0.1022073721650798,0.0898985915547571,0.034268008668164,696.39,0.6169450384326369
2026-02-12,SKIP,0.1233555547196536,0.057821738896716,0.0196794005726765,694.24,0.329498814960405
2026-02-13,SKIP,0.1947862243298286,0.0937631210433855,0.025565454273561,681.69,0.0616495662512761
2026-02-17,SKIP,0.1902486462645394,0.051999530512741,0.0388085527702364,680.14,-0.2361569490282433
2026-02-18,SKIP,0.1025470753656895,0.0219911086952198,0.0331091512917532,684.02,0.1713407044006576
2026-02-19,SKIP,0.1327173021491162,0.0299047540824054,0.0112148981716038,683.84,-0.3569919421818612
2026-02-20,SKIP,0.0533945952565433,0.121792604900665,0.0750864939995034,682.32,-0.3155680224403934
2026-02-23,SKIP,0.0301701387711716,0.0190051535280336,0.0096111785779029,687.83,-0.2320757727397815
2026-02-24,SKIP,0.1099110660351105,0.0682822852634082,0.0507070443024186,681.9,-0.0718064449948041
2026-02-25,SKIP,0.0745377184370398,0.0457166068276845,0.0252925114656481,690.18,0.411726194806139
2026-02-26,SKIP,0.0928172650131639,0.0669147584010975,0.0109324419159525,693.28,0.0187549592440383
2026-02-27,SKIP,0.0884669707010867,0.0394860614875185,0.022340988725949,683.09,-0.9009139706948944
2026-03-02,SKIP,0.0834484151929575,0.0553942125907446,0.1296677964443365,678.7,-1.0626977069636556
2026-03-03,SKIP,0.1695229505388606,0.0762711768464748,0.1859374266060882,675.06,-1.6492322037355511
2026-03-04,SKIP,0.1633903214582666,0.0983060294489109,0.1254837849868545,681.63,0.191083738773834
2026-03-05,SKIP,0.2709763485702094,0.1354600222133641,0.0587816226793354,682.08,-0.4451709894472522
2026-03-06,SKIP,0.2704849294825725,0.1096970145345816,0.1012135631648522,673.41,-1.1595309037002233
2026-03-09,SKIP,0.152360364840263,0.11924619497521,0.2065008098119443,666.39,-0.8908652845117326
2026-03-10,SKIP,0.2020428738752078,0.0891809961482468,0.1063259741263478,677.72,-0.0810886520117293
2026-03-11,GO_HOT,0.3447365409097998,0.1905364737925718,0.1129144830371776,677.58,0.0590684899140603
2026-03-12,GO_HOT,0.3509614408722542,0.2124429871573041,0.1779374968749119,671.16,-0.7644197359277349
2026-03-13,SKIP,0.2226689286718916,0.323170794863668,0.1251673148054834,669.27,0.4819385640933316
2026-03-16,GO_HOT,0.3912088000327035,0.1393051607837831,0.2597231739366282,668.38,0.9195367588216596
2026-03-17,SKIP,0.2726730101038743,0.2309098360374705,0.1861753239069501,672.39,0.502219631406664
2026-03-18,SKIP,0.1882698961031605,0.1408867160470285,0.1450882165979465,668.36,-0.3622594254535594
2026-03-19,GO_HOT,0.4080608266035984,0.2362248777555644,0.2087397779964618,656.97,-0.6742965997913464
2026-03-20,SKIP,0.2853973360375807,0.3411715782921468,0.1537923140020175,656.51,-0.4986359502879622
2026-03-23,GO_HOT,0.3450928022100288,0.1038635016841663,0.0690659862701981,658.07,1.464760935596776
2026-03-24,GO_HOT,0.4541807172113761,0.1710107002959131,0.0756366834466795,651.32,-0.6194879306661738
2026-03-25,SKIP,0.2450994816496233,0.1722690123907098,0.0759170350350262,658.67,0.8405033834471443
2026-03-26,SKIP,0.2565385162381219,0.1629599401942972,0.0693625775079924,652.06,-0.724703876252264
2026-03-27,GO_HOT,0.300174988702935,0.1271332850361853,0.0919492241841632,642.5,-0.4014943651273528
2026-03-30,SKIP,0.2805012049662004,0.0842688923648923,0.1003889496807321,640.11,0.94939204213913
2026-03-31,GO_HOT,0.5476181434185876,0.1678733322603149,0.1554293897944778,638.94,1.1029004541354803
2026-04-01,GO_HOT,0.557191482457306,0.1355804202486413,0.0827379675742287,653.9,0.5474059722606617
2026-04-02,GO_HOT,0.6201753516878526,0.3696289034628978,0.1794966711796539,646.42,-1.3460716683963203
2026-04-06,SKIP,0.1349193230076908,0.0592701425688924,0.3133252041121073,655.86,0.0045743561593702
2026-04-07,GO_HOT,0.4577551430328086,0.2966510940045769,0.2876761618305468,656.65,-0.3460155099934692
2026-04-08,GO_HOT,0.3536709130390368,0.3607910774709257,0.2275766094911239,676.39,2.604593307241876
2026-04-09,SKIP,0.174639145852204,0.081492291375924,0.0142117829920094,674.84,-0.1730743628052811
2026-04-10,SKIP,0.0849249059322351,0.0637090548610773,0.0230305722358306,681.32,0.2073803885808578
2026-04-13,SKIP,0.0628075826146653,0.0224333078738009,0.0721686738328837,677.41,-0.3017101816148226
2026-04-14,SKIP,0.0481813161395317,0.021307328874762,0.0477377880108915,687.69,0.2317446436379544
2026-04-15,SKIP,0.033784437840377,0.0164637055783119,0.0109445296812529,695.26,0.1151974195777949
2026-04-16,SKIP,0.0298014231087661,0.0207762339700057,0.0069709044968144,701.06,0.1600137154613046
2026-04-17,SKIP,0.0266106704939434,0.0698446157857468,0.0120214610592638,706.14,0.6384858763503809
2026-04-20,SKIP,0.0094115299860179,0.0297608573736696,0.0116178293414768,708.78,-0.1915115329371719
2026-04-21,SKIP,0.0323758504416071,0.0750162350454178,0.0299986974362179,710.28,0.2201151371486576
2026-04-22,SKIP,0.0308308532010884,0.0753309877648122,0.0162655009985424,709.15,0.7200886262924477
2026-04-23,SKIP,0.0349833153467795,0.1009971997898837,0.014871294856943,709.5,-0.2404353144640825
2026-04-24,SKIP,0.0222514901675941,0.0598488571661697,0.0105049091286725,710.75,0.3246524101912618
2026-04-27,SKIP,0.0212446321037217,0.0269804087935042,0.0102781627436233,713.17,-0.1078522004650417
2026-04-28,SKIP,0.0653541051563488,0.0512279237083157,0.0071149649957248,711.815,-0.469119230392756
2026-04-29,SKIP,0.0017835758691026,0.0017191907526346,0.0004750088323725,711.0,-0.0969523247481451
2026-04-30,SKIP,0.0024286740334619,0.0025454798171893,0.0002192507968321,714.63,0.4286236262964094
2026-05-01,SKIP,0.0174417190552046,0.0353783470930947,0.0087531210072237,721.25,0.3603929535524575
2026-05-04,SKIP,0.0212158626689225,0.0238058217259768,0.0151319695657673,720.07,-0.080482897384293
2026-05-05,SKIP,0.027791553918603,0.0425787060591237,0.0258177005999046,721.77,0.5236695867745667
2026-05-06,SKIP,0.0337462994328711,0.0322233952254265,0.008997579091114,728.16,0.6065462785138864
2026-05-07,SKIP,0.0155002100048392,0.0243664629656491,0.0035565444682508,735.05,0.1662510390689764
2026-05-08,SKIP,0.0187308848762083,0.0255860726530588,0.0023027164825189,734.93,0.4579130101970863
2026-05-11,SKIP,0.006760187722232,0.004348864341408,0.0048562488868278,736.45,-0.158618258723997
2026-05-12,SKIP,0.0282841218307161,0.0062220842840869,0.0019350163588256,736.89,-0.3259840389557622
