Date,Ticker,Open,High,Low,Close,Volume
2021-05-14 04:00:00,XLE,26.225,26.845,26.225,26.745,57454184.0
2021-05-17 04:00:00,XLE,26.65,27.375,26.61,27.365,67524932.0
2021-05-18 04:00:00,XLE,27.325,27.4225,26.68,26.73,70770242.0
2021-05-19 04:00:00,XLE,26.105,26.36,25.7,26.065,88369986.0
2021-05-20 04:00:00,XLE,26.055,26.145,25.655,26.025,56782110.0
2021-05-21 04:00:00,XLE,26.285,26.4675,26.06,26.08,51002344.0
2021-05-24 04:00:00,XLE,26.26,26.4,25.966,26.34,47883554.0
2021-05-25 04:00:00,XLE,26.275,26.345,25.765,25.805,48693078.0
2021-05-26 04:00:00,XLE,25.83,26.1275,25.71,26.035,39782242.0
2021-05-27 04:00:00,XLE,26.14,26.375,25.91,26.055,39404378.0
2021-05-28 04:00:00,XLE,26.2,26.235,25.965,26.105,37300012.0
2021-06-01 04:00:00,XLE,26.62,27.1688,26.605,27.11,73100750.0
2021-06-02 04:00:00,XLE,27.275,27.745,26.955,27.615,68201724.0
2021-06-03 04:00:00,XLE,27.5,27.845,27.325,27.69,58983620.0
2021-06-04 04:00:00,XLE,27.87,27.99,27.4625,27.875,52895898.0
2021-06-07 04:00:00,XLE,27.87,28.04,27.715,27.755,40329514.0
2021-06-08 04:00:00,XLE,27.66,28.045,27.33,27.995,58041546.0
2021-06-09 04:00:00,XLE,28.075,28.195,27.805,27.82,56364934.0
2021-06-10 04:00:00,XLE,28.195,28.325,27.49,27.785,57580730.0
2021-06-11 04:00:00,XLE,27.885,28.04,27.655,27.69,38240434.0
2021-06-14 04:00:00,XLE,27.79,27.96,27.3453,27.57,38011270.0
2021-06-15 04:00:00,XLE,27.745,28.1675,27.675,28.095,64335126.0
2021-06-16 04:00:00,XLE,28.05,28.2725,27.7,27.945,61053336.0
2021-06-17 04:00:00,XLE,27.875,28.11,26.63,26.995,107079736.0
2021-06-18 04:00:00,XLE,26.43,26.765,26.175,26.195,114245626.0
2021-06-21 04:00:00,XLE,26.145,27.0825,26.145,27.035,84732762.0
2021-06-22 04:00:00,XLE,26.97,27.32,26.675,27.215,48723198.0
2021-06-23 04:00:00,XLE,27.465,27.775,27.24,27.29,40800040.0
2021-06-24 04:00:00,XLE,27.415,27.545,27.15,27.525,38147674.0
2021-06-25 04:00:00,XLE,27.6,27.685,27.4425,27.67,38507458.0
2021-06-28 04:00:00,XLE,27.55,27.565,26.625,26.735,65602896.0
2021-06-29 04:00:00,XLE,26.895,27.045,26.57,26.605,32077338.0
2021-06-30 04:00:00,XLE,26.685,27.0142,26.66,26.935,47195308.0
2021-07-01 04:00:00,XLE,27.55,27.635,27.15,27.405,47772416.0
2021-07-02 04:00:00,XLE,27.29,27.435,27.055,27.345,30557430.0
2021-07-06 04:00:00,XLE,27.255,27.305,26.345,26.455,68634692.0
2021-07-07 04:00:00,XLE,26.415,26.66,25.735,26.025,61024458.0
2021-07-08 04:00:00,XLE,25.565,26.1175,25.475,25.875,49662090.0
2021-07-09 04:00:00,XLE,26.207,26.445,25.9,26.425,47141304.0
2021-07-12 04:00:00,XLE,26.125,26.5425,25.94,26.385,41520360.0
2021-07-13 04:00:00,XLE,26.255,26.42,26.03,26.185,49876348.0
2021-07-14 04:00:00,XLE,26.265,26.57,25.305,25.405,67107308.0
2021-07-15 04:00:00,XLE,25.13,25.435,24.93,25.05,59946092.0
2021-07-16 04:00:00,XLE,25.24,25.25,24.2925,24.34,74479046.0
2021-07-19 04:00:00,XLE,23.51,23.815,23.15,23.48,115682018.0
2021-07-20 04:00:00,XLE,23.49,24.045,23.29,23.795,83564446.0
2021-07-21 04:00:00,XLE,24.265,24.825,24.21,24.625,82372372.0
2021-07-22 04:00:00,XLE,24.6,24.6,24.14,24.35,47430980.0
2021-07-23 04:00:00,XLE,24.43,24.44,24.015,24.26,47127676.0
2021-07-26 04:00:00,XLE,24.32,24.96,24.275,24.86,47527992.0
2021-07-27 04:00:00,XLE,24.665,24.705,24.34,24.63,47025290.0
2021-07-28 04:00:00,XLE,24.695,25.06,24.47,24.855,39334958.0
2021-07-29 04:00:00,XLE,25.175,25.285,24.945,25.095,43794020.0
2021-07-30 04:00:00,XLE,25.045,25.15,24.545,24.695,49080682.0
2021-08-02 04:00:00,XLE,24.71,25.31,24.47,24.51,57810800.0
2021-08-03 04:00:00,XLE,24.43,24.98,24.2,24.93,64302090.0
2021-08-04 04:00:00,XLE,24.48,24.7825,24.2175,24.255,64523830.0
2021-08-05 04:00:00,XLE,24.405,24.831,24.3,24.53,45799988.0
2021-08-06 04:00:00,XLE,24.74,24.95,24.62,24.755,36214760.0
2021-08-09 04:00:00,XLE,24.425,24.6,24.24,24.405,42193414.0
2021-08-10 04:00:00,XLE,24.535,24.9,24.505,24.835,53283072.0
2021-08-11 04:00:00,XLE,24.77,25.0725,24.615,25.03,47686154.0
2021-08-12 04:00:00,XLE,25.01,25.145,24.7,25.005,36538108.0
2021-08-13 04:00:00,XLE,25.02,25.02,24.65,24.71,33050722.0
2021-08-16 04:00:00,XLE,24.375,24.385,24.04,24.255,48259822.0
2021-08-17 04:00:00,XLE,24.02,24.395,23.79,24.005,51108212.0
2021-08-18 04:00:00,XLE,24.0,24.1875,23.4751,23.505,56305768.0
2021-08-19 04:00:00,XLE,23.1,23.25,22.57,22.895,99256258.0
2021-08-20 04:00:00,XLE,22.685,23.0875,22.585,22.945,61587550.0
2021-08-23 04:00:00,XLE,23.5,23.87,23.45,23.805,56564418.0
2021-08-24 04:00:00,XLE,24.005,24.3225,23.965,24.2,45382120.0
2021-08-25 04:00:00,XLE,24.15,24.5175,23.99,24.385,39817548.0
2021-08-26 04:00:00,XLE,24.245,24.38,23.975,24.015,41465332.0
2021-08-27 04:00:00,XLE,24.315,24.82,24.26,24.655,46083652.0
2021-08-30 04:00:00,XLE,24.75,24.845,24.355,24.365,31817772.0
2021-08-31 04:00:00,XLE,24.245,24.465,24.14,24.2,53873174.0
2021-09-01 04:00:00,XLE,24.175,24.315,23.755,23.845,63459834.0
2021-09-02 04:00:00,XLE,24.065,24.645,24.065,24.45,61643296.0
2021-09-03 04:00:00,XLE,24.4,24.58,24.1952,24.31,39167966.0
2021-09-07 04:00:00,XLE,24.195,24.4975,24.075,24.165,42630490.0
2021-09-08 04:00:00,XLE,24.3,24.46,23.84,23.855,43798304.0
2021-09-09 04:00:00,XLE,23.695,24.28,23.5675,23.905,50529514.0
2021-09-10 04:00:00,XLE,24.275,24.325,23.82,23.895,37513086.0
2021-09-13 04:00:00,XLE,24.205,24.7453,24.205,24.58,68654972.0
2021-09-14 04:00:00,XLE,24.8,24.8445,24.1175,24.225,59438428.0
2021-09-15 04:00:00,XLE,24.57,25.15,24.53,25.13,76877890.0
2021-09-16 04:00:00,XLE,25.105,25.11,24.7075,24.845,60643718.0
2021-09-17 04:00:00,XLE,24.72,25.11,24.5955,24.66,64459050.0
2021-09-20 04:00:00,XLE,23.775,23.905,23.235,23.62,85260022.0
2021-09-21 04:00:00,XLE,23.9,24.025,23.425,23.675,51323494.0
2021-09-22 04:00:00,XLE,24.075,24.69,24.075,24.405,79252130.0
2021-09-23 04:00:00,XLE,24.54,25.335,24.425,25.26,49734294.0
2021-09-24 04:00:00,XLE,25.125,25.58,25.075,25.45,55503052.0
2021-09-27 04:00:00,XLE,26.01,26.46,25.975,26.355,81697366.0
2021-09-28 04:00:00,XLE,26.605,26.915,26.385,26.445,132975298.0
2021-09-29 04:00:00,XLE,26.42,26.61,26.095,26.445,69894356.0
2021-09-30 04:00:00,XLE,26.37,26.515,26.045,26.045,89477720.0
2021-10-01 04:00:00,XLE,26.235,26.945,26.235,26.92,83312010.0
2021-10-04 04:00:00,XLE,27.2075,27.6575,27.0825,27.36,114815774.0
2021-10-05 04:00:00,XLE,27.75,28.025,27.2325,27.52,98029612.0
2021-10-06 04:00:00,XLE,27.065,27.3775,26.75,27.23,100042864.0
2021-10-07 04:00:00,XLE,27.3,27.59,27.165,27.44,77596150.0
2021-10-08 04:00:00,XLE,27.73,28.35,27.665,28.285,86539812.0
2021-10-11 04:00:00,XLE,28.71,28.795,28.1525,28.18,85941498.0
2021-10-12 04:00:00,XLE,28.125,28.476,28.0105,28.205,71038262.0
2021-10-13 04:00:00,XLE,28.0,28.325,27.685,28.18,57902530.0
2021-10-14 04:00:00,XLE,28.5,28.645,28.24,28.525,46792224.0
2021-10-15 04:00:00,XLE,28.845,28.955,28.65,28.665,45354828.0
2021-10-18 04:00:00,XLE,28.945,29.105,28.525,28.685,65202540.0
2021-10-19 04:00:00,XLE,28.805,29.11,28.6475,29.01,44480506.0
2021-10-20 04:00:00,XLE,28.79,29.25,28.675,29.245,50212514.0
2021-10-21 04:00:00,XLE,29.02,29.125,28.4701,28.705,64241756.0
2021-10-22 04:00:00,XLE,28.81,28.9975,28.5375,28.975,43005068.0
2021-10-25 04:00:00,XLE,29.33,29.56,29.175,29.4,50052180.0
2021-10-26 04:00:00,XLE,29.5,29.705,29.3898,29.57,45503180.0
2021-10-27 04:00:00,XLE,29.25,29.41,28.655,28.72,68007568.0
2021-10-28 04:00:00,XLE,28.565,28.9475,28.56,28.925,46735006.0
2021-10-29 04:00:00,XLE,29.07,29.135,28.615,28.735,43997858.0
2021-11-01 04:00:00,XLE,29.02,29.31,28.94,29.23,49656732.0
2021-11-02 04:00:00,XLE,29.06,29.285,28.86,28.955,34125396.0
2021-11-03 04:00:00,XLE,28.605,29.015,28.485,28.715,46674716.0
2021-11-04 04:00:00,XLE,29.14,29.215,28.495,28.755,76123220.0
2021-11-05 04:00:00,XLE,29.15,29.26,28.8875,29.13,45207026.0
2021-11-08 05:00:00,XLE,29.375,29.7,29.2325,29.395,40022316.0
2021-11-09 05:00:00,XLE,29.43,29.5225,29.01,29.515,39311974.0
2021-11-10 05:00:00,XLE,29.39,29.485,28.5625,28.735,72032894.0
2021-11-11 05:00:00,XLE,28.755,29.04,28.755,28.845,48996570.0
2021-11-12 05:00:00,XLE,28.725,28.89,28.6,28.775,34189970.0
2021-11-15 05:00:00,XLE,28.75,29.1825,28.505,29.015,42751312.0
2021-11-16 05:00:00,XLE,29.1,29.295,28.92,29.06,40255830.0
2021-11-17 05:00:00,XLE,28.775,29.19,28.515,28.615,47338978.0
2021-11-18 05:00:00,XLE,28.55,28.7725,28.1,28.445,57910922.0
2021-11-19 05:00:00,XLE,27.83,27.905,27.275,27.335,91379624.0
2021-11-22 05:00:00,XLE,27.295,28.24,27.29,27.82,67786658.0
2021-11-23 05:00:00,XLE,28.185,28.77,28.16,28.675,67727298.0
2021-11-24 05:00:00,XLE,28.525,29.12,28.4863,28.955,42868648.0
2021-11-26 05:00:00,XLE,27.52,27.88,27.07,27.79,89454462.0
2021-11-29 05:00:00,XLE,28.395,28.68,27.86,27.95,70882440.0
2021-11-30 05:00:00,XLE,27.425,27.84,27.16,27.295,92523934.0
2021-12-01 05:00:00,XLE,27.935,28.19,26.99,27.005,89599352.0
2021-12-02 05:00:00,XLE,27.02,27.89,26.7,27.79,100743820.0
2021-12-03 05:00:00,XLE,28.165,28.29,27.305,27.57,75880224.0
2021-12-06 05:00:00,XLE,27.995,28.31,27.65,27.98,63939094.0
2021-12-07 05:00:00,XLE,28.37,28.905,28.335,28.635,73686692.0
2021-12-08 05:00:00,XLE,28.795,28.935,28.57,28.63,46972372.0
2021-12-09 05:00:00,XLE,28.45,28.525,28.235,28.41,46798814.0
2021-12-10 05:00:00,XLE,28.715,28.735,28.1101,28.62,39051252.0
2021-12-13 05:00:00,XLE,28.365,28.45,27.69,27.825,57207936.0
2021-12-14 05:00:00,XLE,27.655,28.1351,27.615,27.71,57597698.0
2021-12-15 05:00:00,XLE,27.67,27.7375,26.96,27.575,67716182.0
2021-12-16 05:00:00,XLE,27.815,28.3175,27.705,27.75,53692808.0
2021-12-17 05:00:00,XLE,27.55,27.675,26.94,27.185,69669148.0
2021-12-20 05:00:00,XLE,26.115,26.525,25.83,26.505,72201586.0
2021-12-21 05:00:00,XLE,26.775,27.3575,26.765,27.26,50319372.0
2021-12-22 05:00:00,XLE,27.29,27.62,26.96,27.435,42206152.0
2021-12-23 05:00:00,XLE,27.555,27.83,27.44,27.45,33370552.0
2021-12-27 05:00:00,XLE,27.36,28.075,27.13,28.05,43484312.0
2021-12-28 05:00:00,XLE,28.12,28.304,27.875,28.03,35881466.0
2021-12-29 05:00:00,XLE,27.985,28.12,27.715,27.85,30218132.0
2021-12-30 05:00:00,XLE,27.86,28.08,27.655,27.68,27179974.0
2021-12-31 05:00:00,XLE,27.61,27.8925,27.565,27.75,26482352.0
2022-01-03 05:00:00,XLE,27.79,28.655,27.775,28.61,65054280.0
2022-01-04 05:00:00,XLE,29.0,29.715,28.905,29.6,79957594.0
2022-01-05 05:00:00,XLE,29.89,30.22,29.55,29.595,90804032.0
2022-01-06 05:00:00,XLE,30.29,30.4225,29.83,30.255,74681340.0
2022-01-07 05:00:00,XLE,30.37,30.75,30.16,30.67,71169174.0
2022-01-10 05:00:00,XLE,30.74,30.8,30.1753,30.575,66472964.0
2022-01-11 05:00:00,XLE,30.84,31.67,30.5801,31.615,76887740.0
2022-01-12 05:00:00,XLE,31.785,31.8675,31.445,31.675,60496700.0
2022-01-13 05:00:00,XLE,31.675,31.93,31.385,31.515,59553976.0
2022-01-14 05:00:00,XLE,31.545,32.3075,31.525,32.255,64800940.0
2022-01-18 05:00:00,XLE,32.6,32.765,31.89,32.385,82125330.0
2022-01-19 05:00:00,XLE,32.635,32.67,31.895,32.15,65978056.0
2022-01-20 05:00:00,XLE,31.94,32.71,31.79,31.855,83980804.0
2022-01-21 05:00:00,XLE,31.495,31.695,30.8925,31.225,114539554.0
2022-01-24 05:00:00,XLE,30.485,31.545,29.92,31.435,124576482.0
2022-01-25 05:00:00,XLE,31.315,32.775,30.735,32.655,118434422.0
2022-01-26 05:00:00,XLE,33.0,33.265,32.245,32.6,128665472.0
2022-01-27 05:00:00,XLE,33.175,33.53,32.41,32.955,108901374.0
2022-01-28 05:00:00,XLE,32.735,33.135,32.13,32.815,105302396.0
2022-01-31 05:00:00,XLE,32.74,33.17,32.22,32.96,63298364.0
2022-02-01 05:00:00,XLE,32.765,34.215,32.69,34.135,90444642.0
2022-02-02 05:00:00,XLE,33.96,34.31,33.54,34.245,65197066.0
2022-02-03 05:00:00,XLE,34.105,34.175,33.5501,33.92,61962548.0
2022-02-04 05:00:00,XLE,34.35,35.0,34.27,34.45,81733448.0
2022-02-07 05:00:00,XLE,34.285,35.215,34.025,34.89,65164916.0
2022-02-08 05:00:00,XLE,34.785,34.855,33.9,34.14,75164248.0
2022-02-09 05:00:00,XLE,34.22,34.69,34.135,34.425,70527430.0
2022-02-10 05:00:00,XLE,34.255,34.87,33.985,34.21,75643242.0
2022-02-11 05:00:00,XLE,34.44,35.25,34.225,35.205,93034010.0
2022-02-14 05:00:00,XLE,34.99,35.03,33.965,34.375,99632990.0
2022-02-15 05:00:00,XLE,33.53,34.095,33.34,34.015,86144792.0
2022-02-16 05:00:00,XLE,34.285,34.885,34.08,34.29,73444218.0
2022-02-17 05:00:00,XLE,34.26,34.5925,33.9701,34.235,67622854.0
2022-02-18 05:00:00,XLE,33.75,34.295,33.695,34.025,63291540.0
2022-02-22 05:00:00,XLE,35.055,35.055,32.97,33.475,93002732.0
2022-02-23 05:00:00,XLE,33.67,34.08,33.475,33.82,67957960.0
2022-02-24 05:00:00,XLE,34.54,34.58,32.6805,33.555,123418662.0
2022-02-25 05:00:00,XLE,33.63,34.475,33.63,34.44,78422920.0
2022-02-28 05:00:00,XLE,34.195,35.33,34.005,35.29,96394266.0
2022-03-01 05:00:00,XLE,35.605,36.245,35.145,35.645,124230926.0
2022-03-02 05:00:00,XLE,36.19,36.7501,36.015,36.46,90754202.0
2022-03-03 05:00:00,XLE,36.105,36.8095,36.03,36.56,89119750.0
2022-03-04 05:00:00,XLE,36.555,37.635,36.46,37.615,105251786.0
2022-03-07 05:00:00,XLE,38.005,38.78,37.3175,38.17,131108322.0
2022-03-08 05:00:00,XLE,39.04,40.11,37.665,38.77,195844362.0
2022-03-09 05:00:00,XLE,37.35,38.47,36.75,37.585,174036486.0
2022-03-10 05:00:00,XLE,38.03,38.8325,37.76,38.735,137802688.0
2022-03-11 05:00:00,XLE,38.115,38.905,38.055,38.425,91837728.0
2022-03-14 04:00:00,XLE,37.605,37.87,36.775,37.275,101490026.0
2022-03-15 04:00:00,XLE,35.83,36.325,35.22,35.91,124724392.0
2022-03-16 04:00:00,XLE,36.045,36.36,35.37,35.745,107536128.0
2022-03-17 04:00:00,XLE,36.38,37.0675,36.1545,36.975,76956306.0
2022-03-18 04:00:00,XLE,36.91,37.19,36.6605,36.94,58150774.0
2022-03-21 04:00:00,XLE,37.33,38.185,37.31,38.065,68714852.0
2022-03-22 04:00:00,XLE,37.905,38.115,37.355,37.785,66462108.0
2022-03-23 04:00:00,XLE,38.495,38.79,38.31,38.435,58663058.0
2022-03-24 04:00:00,XLE,38.58,38.91,38.2725,38.53,52700568.0
2022-03-25 04:00:00,XLE,38.3,39.425,38.2675,39.375,56099242.0
2022-03-28 04:00:00,XLE,38.565,38.58,38.1525,38.4,69760376.0
2022-03-29 04:00:00,XLE,37.54,38.32,37.095,38.3,73273936.0
2022-03-30 04:00:00,XLE,38.67,39.02,38.4286,38.745,49736468.0
2022-03-31 04:00:00,XLE,38.38,39.105,38.215,38.22,65606588.0
2022-04-01 04:00:00,XLE,38.17,38.8875,38.145,38.53,49612582.0
2022-04-04 04:00:00,XLE,38.78,38.905,38.17,38.58,46007338.0
2022-04-05 04:00:00,XLE,38.65,39.245,37.93,37.975,54577118.0
2022-04-06 04:00:00,XLE,38.39,38.735,37.9875,38.2,64301372.0
2022-04-07 04:00:00,XLE,38.38,38.83,37.67,38.7,54097386.0
2022-04-08 04:00:00,XLE,38.805,39.875,38.805,39.765,53426102.0
2022-04-11 04:00:00,XLE,39.34,39.35,38.4825,38.57,52460990.0
2022-04-12 04:00:00,XLE,39.35,39.925,39.1325,39.21,63929422.0
2022-04-13 04:00:00,XLE,39.69,39.905,39.035,39.795,49295884.0
2022-04-14 04:00:00,XLE,39.605,40.24,39.545,39.925,51869432.0
2022-04-18 04:00:00,XLE,40.255,40.75,40.005,40.51,60913130.0
2022-04-19 04:00:00,XLE,40.3,40.695,39.945,40.18,45727852.0
2022-04-20 04:00:00,XLE,40.285,40.55,39.896,40.335,52079312.0
2022-04-21 04:00:00,XLE,40.575,40.755,38.905,39.055,65157706.0
2022-04-22 04:00:00,XLE,38.9,39.4575,38.0825,38.1,71484274.0
2022-04-25 04:00:00,XLE,36.9,37.0375,35.5,36.84,110724394.0
2022-04-26 04:00:00,XLE,37.115,37.9,36.795,36.89,89168692.0
2022-04-27 04:00:00,XLE,37.125,37.795,36.46,37.43,89132514.0
2022-04-28 04:00:00,XLE,37.68,38.88,36.94,38.565,87469696.0
2022-04-29 04:00:00,XLE,38.65,38.87,37.44,37.575,79416240.0
2022-05-02 04:00:00,XLE,37.345,38.19,37.23,38.175,104141240.0
2022-05-03 04:00:00,XLE,38.245,39.425,38.22,39.245,83298872.0
2022-05-04 04:00:00,XLE,40.0,40.9575,39.49,40.875,90767456.0
2022-05-05 04:00:00,XLE,41.165,41.205,39.4375,40.26,93193918.0
2022-05-06 04:00:00,XLE,40.78,41.465,39.9625,41.46,94245648.0
2022-05-09 04:00:00,XLE,40.57,40.605,37.875,38.03,106043914.0
2022-05-10 04:00:00,XLE,38.615,39.345,37.565,38.375,113727804.0
2022-05-11 04:00:00,XLE,39.015,40.165,38.825,38.89,99705084.0
2022-05-12 04:00:00,XLE,38.875,39.075,37.84,39.055,90043536.0
2022-05-13 04:00:00,XLE,39.635,40.55,39.565,40.39,59437392.0
2022-05-16 04:00:00,XLE,40.535,41.88,40.51,41.455,56518794.0
2022-05-17 04:00:00,XLE,42.015,42.1892,41.56,41.935,56329300.0
2022-05-18 04:00:00,XLE,42.235,42.285,40.3675,40.86,66428972.0
2022-05-19 04:00:00,XLE,39.93,41.395,39.93,40.71,71441008.0
2022-05-20 04:00:00,XLE,41.21,41.6959,40.065,40.885,63839996.0
2022-05-23 04:00:00,XLE,41.37,42.11,41.1125,41.965,53289344.0
2022-05-24 04:00:00,XLE,41.5,42.3,41.18,42.125,52627676.0
2022-05-25 04:00:00,XLE,42.27,43.055,42.21,42.995,52647994.0
2022-05-26 04:00:00,XLE,43.255,43.7925,43.2251,43.47,42678290.0
2022-05-27 04:00:00,XLE,43.275,44.385,43.17,44.265,38104498.0
2022-05-31 04:00:00,XLE,44.995,45.23,43.365,43.6,78681152.0
2022-06-01 04:00:00,XLE,44.15,44.6325,43.665,44.31,59297158.0
2022-06-02 04:00:00,XLE,44.0,44.48,43.7312,44.17,52605446.0
2022-06-03 04:00:00,XLE,44.225,44.895,44.175,44.755,41050668.0
2022-06-06 04:00:00,XLE,44.97,45.0,44.465,44.705,33332622.0
2022-06-07 04:00:00,XLE,44.675,46.1,44.64,46.04,51378748.0
2022-06-08 04:00:00,XLE,46.265,46.655,45.8553,46.14,56985362.0
2022-06-09 04:00:00,XLE,45.745,46.035,45.07,45.12,49176284.0
2022-06-10 04:00:00,XLE,44.6,45.27,43.8419,44.355,62543526.0
2022-06-13 04:00:00,XLE,43.01,43.055,41.205,42.04,89462692.0
2022-06-14 04:00:00,XLE,42.885,43.435,41.57,42.12,69512818.0
2022-06-15 04:00:00,XLE,42.025,42.235,40.495,41.19,86446300.0
2022-06-16 04:00:00,XLE,40.095,40.3125,38.535,38.87,115958294.0
2022-06-17 04:00:00,XLE,38.6,38.885,36.2975,36.745,128468376.0
2022-06-21 04:00:00,XLE,37.305,38.48,37.24,38.22,70013492.0
2022-06-22 04:00:00,XLE,36.38,37.335,36.1775,36.69,82425234.0
2022-06-23 04:00:00,XLE,36.865,37.13,34.735,35.33,113842296.0
2022-06-24 04:00:00,XLE,35.935,36.555,35.415,35.795,94797014.0
2022-06-27 04:00:00,XLE,36.21,37.0975,36.165,36.845,67939802.0
2022-06-28 04:00:00,XLE,37.72,38.45,37.27,37.84,79600802.0
2022-06-29 04:00:00,XLE,38.365,38.495,36.4222,36.525,71183918.0
2022-06-30 04:00:00,XLE,35.74,36.6825,35.435,35.755,75493576.0
2022-07-01 04:00:00,XLE,36.19,36.445,35.065,36.29,69203978.0
2022-07-05 04:00:00,XLE,35.54,35.7075,34.095,34.85,89865882.0
2022-07-06 04:00:00,XLE,34.475,35.095,33.225,34.255,96333010.0
2022-07-07 04:00:00,XLE,35.185,35.77,35.1,35.49,67587122.0
2022-07-08 04:00:00,XLE,35.92,36.07,34.98,35.475,43940628.0
2022-07-11 04:00:00,XLE,35.03,35.43,34.665,35.135,45508232.0
2022-07-12 04:00:00,XLE,34.215,34.6525,33.83,34.45,64623796.0
2022-07-13 04:00:00,XLE,33.95,35.115,33.95,34.395,58878078.0
2022-07-14 04:00:00,XLE,33.19,33.785,32.74,33.745,73189542.0
2022-07-15 04:00:00,XLE,34.48,34.515,33.785,34.295,59181720.0
2022-07-18 04:00:00,XLE,35.21,35.66,34.915,35.08,51131524.0
2022-07-19 04:00:00,XLE,35.03,36.25,35.02,36.16,48776352.0
2022-07-20 04:00:00,XLE,35.76,36.675,35.61,36.51,41299412.0
2022-07-21 04:00:00,XLE,35.51,35.905,34.83,35.87,42916174.0
2022-07-22 04:00:00,XLE,36.01,36.365,35.3675,35.575,40836330.0
2022-07-25 04:00:00,XLE,36.065,36.915,35.635,36.88,39112000.0
2022-07-26 04:00:00,XLE,37.32,37.4825,36.2975,36.545,37228740.0
2022-07-27 04:00:00,XLE,36.78,37.5565,36.405,37.37,44810696.0
2022-07-28 04:00:00,XLE,37.705,37.9625,36.885,37.58,46665340.0
2022-07-29 04:00:00,XLE,38.265,39.33,38.19,39.21,51667628.0
2022-08-01 04:00:00,XLE,38.54,38.6375,37.885,38.4,51331008.0
2022-08-02 04:00:00,XLE,38.405,38.695,37.97,38.31,39864346.0
2022-08-03 04:00:00,XLE,38.4725,38.585,36.98,37.21,57013146.0
2022-08-04 04:00:00,XLE,36.955,37.06,35.695,35.83,55991004.0
2022-08-05 04:00:00,XLE,35.345,36.855,35.345,36.54,45179530.0
2022-08-08 04:00:00,XLE,36.5,37.06,36.445,36.73,37765300.0
2022-08-09 04:00:00,XLE,37.25,37.85,37.185,37.375,34683094.0
2022-08-10 04:00:00,XLE,37.46,37.8575,36.72,37.645,34788334.0
2022-08-11 04:00:00,XLE,38.35,39.27,38.2355,38.94,60531552.0
2022-08-12 04:00:00,XLE,38.685,39.255,38.52,39.235,38380936.0
2022-08-15 04:00:00,XLE,37.815,38.68,37.47,38.47,42024418.0
2022-08-16 04:00:00,XLE,38.525,38.93,38.1375,38.38,39357556.0
2022-08-17 04:00:00,XLE,38.205,39.1,38.105,38.7,45472328.0
2022-08-18 04:00:00,XLE,39.13,39.78,39.06,39.74,46865948.0
2022-08-19 04:00:00,XLE,39.64,40.0031,39.41,39.73,39488454.0
2022-08-22 04:00:00,XLE,39.39,39.9,38.74,39.655,45696134.0
2022-08-23 04:00:00,XLE,40.305,41.395,40.275,41.085,54367024.0
2022-08-24 04:00:00,XLE,41.09,41.6475,40.905,41.59,49093204.0
2022-08-25 04:00:00,XLE,41.83,42.1175,41.505,41.91,39798554.0
2022-08-26 04:00:00,XLE,41.825,42.28,41.235,41.42,38635108.0
2022-08-29 04:00:00,XLE,41.4,42.59,41.295,42.045,52125050.0
2022-08-30 04:00:00,XLE,41.325,41.335,40.285,40.62,57641710.0
2022-08-31 04:00:00,XLE,39.615,40.92,39.47,40.25,58304512.0
2022-09-01 04:00:00,XLE,39.655,39.805,38.71,39.26,56227990.0
2022-09-02 04:00:00,XLE,40.225,40.51,39.765,39.98,57188168.0
2022-09-06 04:00:00,XLE,40.355,40.49,39.445,39.61,45568264.0
2022-09-07 04:00:00,XLE,38.745,39.32,38.39,39.15,60541332.0
2022-09-08 04:00:00,XLE,39.325,39.515,38.845,39.32,53681520.0
2022-09-09 04:00:00,XLE,40.025,40.495,39.7275,40.3,38678760.0
2022-09-12 04:00:00,XLE,40.89,41.485,40.54,41.04,41731812.0
2022-09-13 04:00:00,XLE,40.4,41.09,39.825,40.005,61146076.0
2022-09-14 04:00:00,XLE,40.38,41.425,40.38,41.135,54284298.0
2022-09-15 04:00:00,XLE,40.405,40.575,39.8775,40.075,55886300.0
2022-09-16 04:00:00,XLE,39.95,39.98,38.65,39.22,70403672.0
2022-09-19 04:00:00,XLE,37.73,38.845,37.64,38.82,37597850.0
2022-09-20 04:00:00,XLE,38.55,38.7725,38.095,38.55,42299684.0
2022-09-21 04:00:00,XLE,39.275,39.3301,37.97,37.985,68705864.0
2022-09-22 04:00:00,XLE,38.675,38.8,37.82,37.85,57748066.0
2022-09-23 04:00:00,XLE,36.38,36.45,34.97,35.24,105475630.0
2022-09-26 04:00:00,XLE,35.02,35.46,34.33,34.375,72159632.0
2022-09-27 04:00:00,XLE,34.97,35.405,34.565,34.76,67671102.0
2022-09-28 04:00:00,XLE,35.11,36.4975,34.9,36.3,62835502.0
2022-09-29 04:00:00,XLE,36.035,36.375,35.4,36.3,48562994.0
2022-09-30 04:00:00,XLE,36.01,36.51,35.66,36.01,43189402.0
2022-10-03 04:00:00,XLE,37.305,38.245,37.245,38.045,69535022.0
2022-10-04 04:00:00,XLE,38.815,39.715,38.51,39.68,66330858.0
2022-10-05 04:00:00,XLE,39.665,40.815,39.325,40.5,61273694.0
2022-10-06 04:00:00,XLE,40.17,41.345,40.14,41.22,52466230.0
2022-10-07 04:00:00,XLE,41.305,41.77,40.605,40.9,56915316.0
2022-10-10 04:00:00,XLE,41.06,41.41,39.93,40.06,46331686.0
2022-10-11 04:00:00,XLE,39.31,40.425,39.145,39.74,53842208.0
2022-10-12 04:00:00,XLE,39.48,40.3375,39.22,40.06,41102426.0
2022-10-13 04:00:00,XLE,39.535,41.855,39.525,41.695,70134842.0
2022-10-14 04:00:00,XLE,41.24,41.8351,40.06,40.14,53510612.0
2022-10-17 04:00:00,XLE,40.77,41.31,40.525,40.64,37988382.0
2022-10-18 04:00:00,XLE,40.975,41.375,40.205,40.995,50375814.0
2022-10-19 04:00:00,XLE,41.115,42.36,41.1,42.205,62431548.0
2022-10-20 04:00:00,XLE,42.525,42.915,41.9906,42.245,50523692.0
2022-10-21 04:00:00,XLE,42.48,43.55,42.37,43.465,50548364.0
2022-10-24 04:00:00,XLE,43.44,43.975,43.205,43.67,44992078.0
2022-10-25 04:00:00,XLE,43.5,43.915,43.265,43.715,37683652.0
2022-10-26 04:00:00,XLE,43.88,44.66,43.85,44.31,45412924.0
2022-10-27 04:00:00,XLE,44.92,45.22,44.335,44.47,50021284.0
2022-10-28 04:00:00,XLE,44.95,45.315,43.825,44.625,49327928.0
2022-10-31 04:00:00,XLE,44.185,45.59,44.135,45.0,59520866.0
2022-11-01 04:00:00,XLE,45.755,45.7749,45.16,45.435,43510860.0
2022-11-02 04:00:00,XLE,45.29,45.525,44.235,44.34,56499130.0
2022-11-03 04:00:00,XLE,44.07,45.4125,43.945,45.16,53634490.0
2022-11-04 04:00:00,XLE,46.165,46.51,45.07,45.71,60220614.0
2022-11-07 05:00:00,XLE,45.805,46.64,45.725,46.495,38775438.0
2022-11-08 05:00:00,XLE,46.405,46.74,45.9675,46.54,43508506.0
2022-11-09 05:00:00,XLE,45.91,46.055,44.165,44.265,63015762.0
2022-11-10 05:00:00,XLE,45.18,45.3,44.25,45.25,58488214.0
2022-11-11 05:00:00,XLE,46.115,46.805,46.005,46.565,51082578.0
2022-11-14 05:00:00,XLE,46.43,47.355,46.425,46.55,46245280.0
2022-11-15 05:00:00,XLE,46.725,47.16,46.42,47.04,51529888.0
2022-11-16 05:00:00,XLE,46.62,46.905,45.84,46.08,46277206.0
2022-11-17 05:00:00,XLE,45.375,46.22,45.14,46.18,42859808.0
2022-11-18 05:00:00,XLE,45.325,45.94,44.7551,45.815,47366110.0
2022-11-21 05:00:00,XLE,44.82,45.315,43.6425,45.195,85153544.0
2022-11-22 05:00:00,XLE,45.76,46.715,45.55,46.61,53184914.0
2022-11-23 05:00:00,XLE,45.765,46.3975,45.595,46.105,40938300.0
2022-11-25 05:00:00,XLE,46.135,46.46,45.855,45.935,15182622.0
2022-11-28 05:00:00,XLE,44.81,45.375,44.5252,44.675,58300488.0
2022-11-29 05:00:00,XLE,45.17,45.615,45.005,45.35,38048386.0
2022-11-30 05:00:00,XLE,45.855,45.945,44.8575,45.575,43830254.0
2022-12-01 05:00:00,XLE,45.895,46.125,45.27,45.425,38902038.0
2022-12-02 05:00:00,XLE,45.11,45.6895,44.89,45.155,36752330.0
2022-12-05 05:00:00,XLE,45.6,45.78,43.44,43.815,51753838.0
2022-12-06 05:00:00,XLE,43.54,44.065,42.365,42.66,64687720.0
2022-12-07 05:00:00,XLE,42.65,43.21,42.185,42.56,48894176.0
2022-12-08 05:00:00,XLE,43.515,43.61,42.1325,42.37,51280724.0
2022-12-09 05:00:00,XLE,42.235,42.7,41.325,41.34,48097886.0
2022-12-12 05:00:00,XLE,41.575,42.525,41.4125,42.425,42138048.0
2022-12-13 05:00:00,XLE,43.25,43.59,42.8875,43.23,54557376.0
2022-12-14 05:00:00,XLE,43.525,43.68,42.58,42.965,52675510.0
2022-12-15 05:00:00,XLE,42.59,42.805,41.98,42.705,40415090.0
2022-12-16 05:00:00,XLE,41.9,42.38,41.605,42.18,59101050.0
2022-12-19 05:00:00,XLE,42.19,42.325,41.44,41.745,36836610.0
2022-12-20 05:00:00,XLE,41.875,42.645,41.7125,42.375,28593014.0
2022-12-21 05:00:00,XLE,43.24,43.375,42.605,43.18,34058226.0
2022-12-22 05:00:00,XLE,43.225,43.25,41.34,42.185,37359328.0
2022-12-23 05:00:00,XLE,42.745,43.54,42.525,43.53,29629920.0
2022-12-27 05:00:00,XLE,43.72,44.18,43.56,43.995,32749278.0
2022-12-28 05:00:00,XLE,43.935,43.935,42.875,43.01,31837948.0
2022-12-29 05:00:00,XLE,42.83,43.655,42.81,43.46,26728836.0
2022-12-30 05:00:00,XLE,43.23,43.82,43.225,43.735,22599428.0
2023-01-03 05:00:00,XLE,43.46,43.68,41.675,42.2,53082832.0
2023-01-04 05:00:00,XLE,41.575,42.4401,41.415,42.195,45369150.0
2023-01-05 05:00:00,XLE,42.125,43.2,42.005,42.965,38723704.0
2023-01-06 05:00:00,XLE,43.52,44.315,43.41,43.78,44422378.0
2023-01-09 05:00:00,XLE,44.44,44.51,43.4825,43.625,46003220.0
2023-01-10 05:00:00,XLE,43.91,44.025,43.245,43.935,31599002.0
2023-01-11 05:00:00,XLE,44.32,44.43,43.5925,44.07,32902984.0
2023-01-12 05:00:00,XLE,44.335,45.2,44.25,44.91,36716070.0
2023-01-13 05:00:00,XLE,44.875,45.0827,44.4,44.975,31808318.0
2023-01-17 05:00:00,XLE,45.08,45.54,44.885,45.07,33933198.0
2023-01-18 05:00:00,XLE,45.28,45.785,44.2,44.245,38075292.0
2023-01-19 05:00:00,XLE,43.99,44.975,43.895,44.795,34293724.0
2023-01-20 05:00:00,XLE,44.89,45.395,44.435,45.24,28560060.0
2023-01-23 05:00:00,XLE,45.57,45.795,45.155,45.3,28905088.0
2023-01-24 05:00:00,XLE,45.15,45.23,44.23,45.125,29772888.0
2023-01-25 05:00:00,XLE,44.905,45.13,44.19,45.13,26861234.0
2023-01-26 05:00:00,XLE,45.86,46.575,45.3,46.555,36663010.0
2023-01-27 05:00:00,XLE,46.305,46.535,45.54,45.615,34841082.0
2023-01-30 05:00:00,XLE,45.285,45.35,44.5075,44.57,27524908.0
2023-01-31 05:00:00,XLE,44.42,45.0325,43.965,44.965,27848274.0
2023-02-01 05:00:00,XLE,44.755,44.945,43.5,44.08,46967192.0
2023-02-02 05:00:00,XLE,43.91,43.995,42.6,43.075,49803012.0
2023-02-03 05:00:00,XLE,43.255,43.955,42.935,42.98,45454818.0
2023-02-06 05:00:00,XLE,43.02,43.345,42.2575,42.785,31594340.0
2023-02-07 05:00:00,XLE,43.055,44.24,42.83,44.175,41014032.0
2023-02-08 05:00:00,XLE,44.14,44.365,43.5275,43.78,26967160.0
2023-02-09 05:00:00,XLE,43.785,43.925,43.3725,43.405,32003112.0
2023-02-10 05:00:00,XLE,44.125,45.195,44.085,45.105,40003254.0
2023-02-13 05:00:00,XLE,44.875,45.1625,44.41,44.99,24744892.0
2023-02-14 05:00:00,XLE,44.635,45.3325,44.51,45.005,26980610.0
2023-02-15 05:00:00,XLE,44.5,44.595,43.675,44.24,31916246.0
2023-02-16 05:00:00,XLE,44.0,44.3775,43.76,43.805,25314174.0
2023-02-17 05:00:00,XLE,43.125,43.155,42.06,42.245,44590468.0
2023-02-21 05:00:00,XLE,42.06,42.52,41.955,42.035,33622558.0
2023-02-22 05:00:00,XLE,41.92,42.315,41.395,41.755,40270426.0
2023-02-23 05:00:00,XLE,42.385,42.63,41.8475,42.385,35023348.0
2023-02-24 05:00:00,XLE,41.76,42.39,41.52,42.33,37496776.0
2023-02-27 05:00:00,XLE,42.415,42.6386,42.105,42.455,30676382.0
2023-02-28 05:00:00,XLE,42.885,42.9,41.81,41.845,38007640.0
2023-03-01 05:00:00,XLE,41.88,42.885,41.725,42.67,37093936.0
2023-03-02 05:00:00,XLE,42.595,43.205,42.46,43.045,32804974.0
2023-03-03 05:00:00,XLE,42.53,43.845,42.5,43.63,50675196.0
2023-03-06 05:00:00,XLE,43.39,43.72,43.2125,43.65,33898314.0
2023-03-07 05:00:00,XLE,43.39,43.5005,42.7775,42.89,37000358.0
2023-03-08 05:00:00,XLE,42.7,43.245,42.0416,42.45,39399034.0
2023-03-09 05:00:00,XLE,42.695,43.295,41.8375,41.85,37888112.0
2023-03-10 05:00:00,XLE,41.85,42.44,41.075,41.315,56624742.0
2023-03-13 04:00:00,XLE,40.26,41.1975,39.555,40.475,83317302.0
2023-03-14 04:00:00,XLE,40.47,41.785,40.1525,40.875,61066380.0
2023-03-15 04:00:00,XLE,39.375,39.675,38.1175,38.68,115233020.0
2023-03-16 04:00:00,XLE,37.83,39.2,37.6775,39.1,88803658.0
2023-03-17 04:00:00,XLE,38.875,39.1975,38.17,38.485,67351564.0
2023-03-20 04:00:00,XLE,38.05,39.1,38.05,38.85,52288720.0
2023-03-21 04:00:00,XLE,39.65,40.3175,39.53,40.195,59712458.0
2023-03-22 04:00:00,XLE,40.22,40.405,39.31,39.34,49209392.0
2023-03-23 04:00:00,XLE,39.555,39.8975,38.42,38.795,49486222.0
2023-03-24 04:00:00,XLE,38.025,39.0975,37.9025,38.945,41299112.0
2023-03-27 04:00:00,XLE,39.355,40.0,39.04,39.775,40223852.0
2023-03-28 04:00:00,XLE,39.55,40.565,39.535,40.39,32596708.0
2023-03-29 04:00:00,XLE,40.79,40.9925,40.525,40.95,36204548.0
2023-03-30 04:00:00,XLE,41.29,41.35,40.89,41.13,27460800.0
2023-03-31 04:00:00,XLE,41.235,41.4825,41.0825,41.415,32294654.0
2023-04-03 04:00:00,XLE,43.16,43.57,42.935,43.29,62452248.0
2023-04-04 04:00:00,XLE,43.42,43.475,42.125,42.505,49362974.0
2023-04-05 04:00:00,XLE,42.61,43.145,42.255,43.145,40552268.0
2023-04-06 04:00:00,XLE,43.08,43.124,42.4025,42.49,33378540.0
2023-04-10 04:00:00,XLE,42.65,43.32,42.65,42.83,26977294.0
2023-04-11 04:00:00,XLE,43.07,43.505,42.825,43.235,25575160.0
2023-04-12 04:00:00,XLE,43.535,43.625,43.135,43.265,33334356.0
2023-04-13 04:00:00,XLE,43.2,43.645,43.095,43.535,31358124.0
2023-04-14 04:00:00,XLE,43.595,43.8694,43.36,43.615,23560158.0
2023-04-17 04:00:00,XLE,43.47,43.65,42.95,43.1,23761986.0
2023-04-18 04:00:00,XLE,43.0,43.38,42.785,43.27,24493518.0
2023-04-19 04:00:00,XLE,42.88,43.155,42.645,43.12,34246140.0
2023-04-20 04:00:00,XLE,42.52,42.75,42.22,42.74,30288240.0
2023-04-21 04:00:00,XLE,42.895,42.915,42.3,42.49,33757564.0
2023-04-24 04:00:00,XLE,42.355,43.34,42.34,43.14,25251834.0
2023-04-25 04:00:00,XLE,42.72,42.795,42.08,42.33,30665212.0
2023-04-26 04:00:00,XLE,42.03,42.42,41.51,41.765,40070022.0
2023-04-27 04:00:00,XLE,41.74,42.02,41.345,41.915,34114686.0
2023-04-28 04:00:00,XLE,41.765,42.795,41.62,42.565,37372540.0
2023-05-01 04:00:00,XLE,42.03,42.54,41.8622,42.085,27821372.0
2023-05-02 04:00:00,XLE,41.58,41.645,39.87,40.255,67647972.0
2023-05-03 04:00:00,XLE,39.74,40.205,39.48,39.495,59340138.0
2023-05-04 04:00:00,XLE,39.51,39.91,38.9359,39.055,52860960.0
2023-05-05 04:00:00,XLE,40.135,40.43,39.895,40.115,39073304.0
2023-05-08 04:00:00,XLE,40.7,40.875,40.11,40.115,32711898.0
2023-05-09 04:00:00,XLE,39.8,40.51,39.7125,40.13,41221242.0
2023-05-10 04:00:00,XLE,40.33,40.41,39.375,39.675,36052000.0
2023-05-11 04:00:00,XLE,39.115,39.405,38.9,39.2,38168274.0
2023-05-12 04:00:00,XLE,39.395,39.66,38.9751,39.26,37913270.0
2023-05-15 04:00:00,XLE,39.405,39.685,39.095,39.46,31938674.0
2023-05-16 04:00:00,XLE,39.275,39.445,38.4325,38.49,44521718.0
2023-05-17 04:00:00,XLE,38.885,39.44,38.6,39.23,46072666.0
2023-05-18 04:00:00,XLE,38.995,39.5625,38.75,39.515,33154252.0
2023-05-19 04:00:00,XLE,39.88,40.13,39.595,39.82,36122188.0
2023-05-22 04:00:00,XLE,39.67,40.059,39.595,39.655,26943532.0
2023-05-23 04:00:00,XLE,40.035,40.535,39.9275,40.08,42710944.0
2023-05-24 04:00:00,XLE,40.395,40.565,39.915,40.255,33474290.0
2023-05-25 04:00:00,XLE,39.675,39.76,39.17,39.54,38250904.0
2023-05-26 04:00:00,XLE,39.78,39.89,39.18,39.385,28785746.0
2023-05-30 04:00:00,XLE,38.7,39.025,38.55,38.98,40331610.0
2023-05-31 04:00:00,XLE,38.37,38.665,38.165,38.295,44797624.0
2023-06-01 04:00:00,XLE,38.385,39.205,38.125,38.77,51623680.0
2023-06-02 04:00:00,XLE,39.495,40.14,39.225,39.95,55278778.0
2023-06-05 04:00:00,XLE,40.5325,40.56,39.615,39.685,43507350.0
2023-06-06 04:00:00,XLE,39.16,40.04,39.12,40.005,34750720.0
2023-06-07 04:00:00,XLE,40.2,41.115,40.175,41.065,60654274.0
2023-06-08 04:00:00,XLE,41.12,41.2575,40.21,40.89,46161134.0
2023-06-09 04:00:00,XLE,40.87,41.07,40.555,40.665,38388122.0
2023-06-12 04:00:00,XLE,40.055,40.68,40.0,40.275,36392260.0
2023-06-13 04:00:00,XLE,40.72,41.2575,40.445,40.465,40136424.0
2023-06-14 04:00:00,XLE,40.865,41.045,39.75,40.05,47605372.0
2023-06-15 04:00:00,XLE,40.12,40.795,40.11,40.49,46777078.0
2023-06-16 04:00:00,XLE,40.64,40.755,40.3125,40.43,47461764.0
2023-06-20 04:00:00,XLE,39.81,39.8525,38.885,39.18,42567320.0
2023-06-21 04:00:00,XLE,39.02,39.8225,38.96,39.49,34473740.0
2023-06-22 04:00:00,XLE,39.13,39.175,38.815,38.96,33510762.0
2023-06-23 04:00:00,XLE,38.54,38.7825,38.3605,38.68,34905112.0
2023-06-26 04:00:00,XLE,38.75,39.595,38.66,39.375,32488608.0
2023-06-27 04:00:00,XLE,39.335,39.635,39.105,39.465,28380940.0
2023-06-28 04:00:00,XLE,39.425,39.915,39.075,39.865,32903260.0
2023-06-29 04:00:00,XLE,40.015,40.325,39.8,40.325,28435784.0
2023-06-30 04:00:00,XLE,40.6,40.79,40.3,40.585,35970586.0
2023-07-03 04:00:00,XLE,40.685,40.985,40.53,40.68,19539782.0
2023-07-05 04:00:00,XLE,40.85,40.8575,40.225,40.455,32560684.0
2023-07-06 04:00:00,XLE,40.015,40.295,39.2425,39.545,41967770.0
2023-07-07 04:00:00,XLE,39.35,40.7675,39.32,40.395,48916054.0
2023-07-10 04:00:00,XLE,40.29,40.79,40.26,40.71,30925020.0
2023-07-11 04:00:00,XLE,40.895,41.67,40.815,41.605,39642046.0
2023-07-12 04:00:00,XLE,41.945,42.225,41.73,41.99,42647718.0
2023-07-13 04:00:00,XLE,41.99,42.2475,41.44,41.83,53226474.0
2023-07-14 04:00:00,XLE,41.56,41.6,40.625,40.725,43988176.0
2023-07-17 04:00:00,XLE,40.58,40.82,40.46,40.645,32464618.0
2023-07-18 04:00:00,XLE,40.55,41.4775,40.485,41.055,43214582.0
2023-07-19 04:00:00,XLE,41.055,41.575,40.965,41.295,37520964.0
2023-07-20 04:00:00,XLE,41.635,41.865,41.43,41.78,35449808.0
2023-07-21 04:00:00,XLE,41.935,42.17,41.665,42.15,31529010.0
2023-07-24 04:00:00,XLE,42.365,43.14,42.35,42.83,44536296.0
2023-07-25 04:00:00,XLE,42.81,43.305,42.55,43.055,33606524.0
2023-07-26 04:00:00,XLE,42.7,43.24,42.64,43.07,32788010.0
2023-07-27 04:00:00,XLE,43.305,43.48,42.675,42.795,35550606.0
2023-07-28 04:00:00,XLE,42.765,42.9325,42.3,42.925,34636576.0
2023-07-31 04:00:00,XLE,43.3,43.865,43.175,43.74,36266478.0
2023-08-01 04:00:00,XLE,43.565,43.66,43.0671,43.535,35809282.0
2023-08-02 04:00:00,XLE,43.24,43.46,42.6,42.965,45923034.0
2023-08-03 04:00:00,XLE,43.08,43.79,42.845,43.4,41633966.0
2023-08-04 04:00:00,XLE,43.71,44.12,43.41,43.46,43208298.0
2023-08-07 04:00:00,XLE,43.705,43.795,43.3822,43.51,26821530.0
2023-08-08 04:00:00,XLE,42.805,43.7425,42.4825,43.725,37237116.0
2023-08-09 04:00:00,XLE,44.15,44.68,43.875,44.275,52085610.0
2023-08-10 04:00:00,XLE,44.34,44.845,43.97,44.27,39226504.0
2023-08-11 04:00:00,XLE,44.25,45.0,44.24,44.95,46689206.0
2023-08-14 04:00:00,XLE,44.825,44.945,44.46,44.76,30189466.0
2023-08-15 04:00:00,XLE,44.45,44.5,43.75,43.83,44982466.0
2023-08-16 04:00:00,XLE,43.875,44.35,43.42,43.45,37995458.0
2023-08-17 04:00:00,XLE,44.06,44.57,43.905,43.97,40464298.0
2023-08-18 04:00:00,XLE,43.715,44.46,43.575,44.405,35307296.0
2023-08-21 04:00:00,XLE,44.585,44.765,43.8191,44.125,30488472.0
2023-08-22 04:00:00,XLE,44.18,44.335,43.7575,43.785,25739472.0
2023-08-23 04:00:00,XLE,43.31,43.715,42.935,43.675,38798566.0
2023-08-24 04:00:00,XLE,43.28,43.835,43.25,43.375,33455026.0
2023-08-25 04:00:00,XLE,43.635,44.015,43.255,43.795,38036814.0
2023-08-28 04:00:00,XLE,43.91,44.42,43.8344,44.09,25718194.0
2023-08-29 04:00:00,XLE,44.25,44.255,43.77,44.21,27019324.0
2023-08-30 04:00:00,XLE,44.41,44.51,44.235,44.43,27035724.0
2023-08-31 04:00:00,XLE,44.595,44.67,44.14,44.46,29377384.0
2023-09-01 04:00:00,XLE,44.95,45.4175,44.94,45.37,35549160.0
2023-09-05 04:00:00,XLE,45.625,46.075,45.58,45.61,48737396.0
2023-09-06 04:00:00,XLE,45.52,45.875,45.295,45.63,40314290.0
2023-09-07 04:00:00,XLE,45.72,45.9525,45.5044,45.585,30729144.0
2023-09-08 04:00:00,XLE,45.8,46.355,45.775,46.025,34751722.0
2023-09-11 04:00:00,XLE,46.36,46.5,45.235,45.42,44094996.0
2023-09-12 04:00:00,XLE,45.91,46.54,45.825,46.49,53333346.0
2023-09-13 04:00:00,XLE,46.535,46.63,45.9,46.14,36315372.0
2023-09-14 04:00:00,XLE,46.62,46.8425,46.48,46.68,37026308.0
2023-09-15 04:00:00,XLE,46.25,46.705,46.005,46.005,49554742.0
2023-09-18 04:00:00,XLE,46.14,46.275,45.7165,46.055,33746652.0
2023-09-19 04:00:00,XLE,46.4,46.465,45.355,45.625,36271806.0
2023-09-20 04:00:00,XLE,45.4,45.915,45.17,45.2,35941990.0
2023-09-21 04:00:00,XLE,45.51,45.615,44.505,44.58,43446210.0
2023-09-22 04:00:00,XLE,44.915,45.215,44.6125,44.655,42072052.0
2023-09-25 04:00:00,XLE,44.535,45.285,44.535,45.215,35073760.0
2023-09-26 04:00:00,XLE,44.825,45.225,44.755,44.955,33455962.0
2023-09-27 04:00:00,XLE,45.515,46.205,45.3125,46.075,46289416.0
2023-09-28 04:00:00,XLE,45.875,46.3925,45.77,46.125,48462748.0
2023-09-29 04:00:00,XLE,46.055,46.235,45.0225,45.195,48369140.0
2023-10-02 04:00:00,XLE,45.135,45.255,43.99,44.295,50323806.0
2023-10-03 04:00:00,XLE,44.19,44.35,43.83,44.265,41466566.0
2023-10-04 04:00:00,XLE,43.605,43.68,42.455,42.875,59572318.0
2023-10-05 04:00:00,XLE,42.26,42.985,42.26,42.61,46938926.0
2023-10-06 04:00:00,XLE,42.61,43.255,42.1301,42.865,51481094.0
2023-10-09 04:00:00,XLE,44.015,44.48,43.7006,44.295,61453052.0
2023-10-10 04:00:00,XLE,44.335,44.6425,44.085,44.35,41700506.0
2023-10-11 04:00:00,XLE,43.895,43.94,43.2769,43.78,47145322.0
2023-10-12 04:00:00,XLE,44.245,44.285,43.6263,43.83,39986446.0
2023-10-13 04:00:00,XLE,44.545,45.01,44.355,44.795,48532252.0
2023-10-16 04:00:00,XLE,45.085,45.2275,44.665,45.095,38365272.0
2023-10-17 04:00:00,XLE,44.995,45.705,44.9275,45.565,40423918.0
2023-10-18 04:00:00,XLE,45.75,46.17,45.645,45.98,47616772.0
2023-10-19 04:00:00,XLE,45.82,46.28,45.385,45.9,62962064.0
2023-10-20 04:00:00,XLE,45.82,45.99,44.9725,45.13,46446954.0
2023-10-23 04:00:00,XLE,44.87,44.875,44.195,44.4,51888136.0
2023-10-24 04:00:00,XLE,44.51,44.545,43.76,43.775,44271596.0
2023-10-25 04:00:00,XLE,43.805,44.03,43.475,43.695,41412648.0
2023-10-26 04:00:00,XLE,43.295,43.555,42.9226,43.355,44770332.0
2023-10-27 04:00:00,XLE,43.31,43.4725,42.17,42.315,53774426.0
2023-10-30 04:00:00,XLE,42.465,42.77,42.045,42.455,45501858.0
2023-10-31 04:00:00,XLE,42.505,42.685,42.08,42.595,37205698.0
2023-11-01 04:00:00,XLE,42.865,43.095,42.435,42.495,46082504.0
2023-11-02 04:00:00,XLE,42.6,43.82,42.355,43.78,45322982.0
2023-11-03 04:00:00,XLE,43.7,43.8375,43.075,43.34,47235004.0
2023-11-06 05:00:00,XLE,43.685,43.685,42.725,42.85,40993394.0
2023-11-07 05:00:00,XLE,42.29,42.365,41.7125,41.9,47550296.0
2023-11-08 05:00:00,XLE,41.74,42.015,41.358,41.375,50742002.0
2023-11-09 05:00:00,XLE,41.68,41.775,41.225,41.25,38232248.0
2023-11-10 05:00:00,XLE,41.715,41.805,41.31,41.705,34583566.0
2023-11-13 05:00:00,XLE,41.77,42.09,41.64,42.005,28447368.0
2023-11-14 05:00:00,XLE,42.165,42.4975,42.095,42.38,34723982.0
2023-11-15 05:00:00,XLE,42.315,42.8332,42.24,42.3,33001526.0
2023-11-16 05:00:00,XLE,41.9,42.06,41.0525,41.475,53165916.0
2023-11-17 05:00:00,XLE,41.83,42.625,41.73,42.345,48859340.0
2023-11-20 05:00:00,XLE,42.52,42.77,42.3951,42.405,29012976.0
2023-11-21 05:00:00,XLE,42.205,42.385,41.907,42.31,26973776.0
2023-11-22 05:00:00,XLE,41.465,42.325,41.23,42.29,36504738.0
2023-11-24 05:00:00,XLE,42.275,42.78,42.25,42.465,19152594.0
2023-11-27 05:00:00,XLE,42.245,42.39,41.92,42.315,24501810.0
2023-11-28 05:00:00,XLE,42.4,42.715,42.245,42.325,28921796.0
2023-11-29 05:00:00,XLE,42.59,42.6425,41.8725,42.01,45267980.0
2023-11-30 05:00:00,XLE,42.37,42.895,41.785,42.29,58100580.0
2023-12-01 05:00:00,XLE,42.24,43.0125,42.05,42.51,43032640.0
2023-12-04 05:00:00,XLE,42.2,42.58,42.005,42.315,37070282.0
2023-12-05 05:00:00,XLE,42.29,42.37,41.55,41.575,37747152.0
2023-12-06 05:00:00,XLE,41.305,41.595,40.795,40.955,62306596.0
2023-12-07 05:00:00,XLE,41.145,41.3475,40.5275,40.675,40908824.0
2023-12-08 05:00:00,XLE,40.945,41.24,40.8625,41.115,34127256.0
2023-12-11 05:00:00,XLE,41.15,41.3,40.96,41.165,29344128.0
2023-12-12 05:00:00,XLE,40.785,40.83,40.37,40.6,45386686.0
2023-12-13 05:00:00,XLE,40.625,41.1775,40.435,41.165,46445638.0
2023-12-14 05:00:00,XLE,41.58,42.43,41.58,42.375,60717378.0
2023-12-15 05:00:00,XLE,41.995,42.23,41.8,42.15,46366366.0
2023-12-18 05:00:00,XLE,42.49,42.705,42.05,42.09,42447132.0
2023-12-19 05:00:00,XLE,42.17,42.64,42.075,42.595,36862452.0
2023-12-20 05:00:00,XLE,42.745,42.995,42.15,42.2,39818174.0
2023-12-21 05:00:00,XLE,42.285,42.43,41.9675,42.365,26062878.0
2023-12-22 05:00:00,XLE,42.67,42.8575,42.4225,42.49,24690926.0
2023-12-26 05:00:00,XLE,42.85,43.0825,42.72,42.855,25983454.0
2023-12-27 05:00:00,XLE,42.855,43.0,42.51,42.665,20238192.0
2023-12-28 05:00:00,XLE,42.445,42.6075,42.0,42.015,26198098.0
2023-12-29 05:00:00,XLE,42.16,42.2,41.795,41.92,24345460.0
2024-01-02 05:00:00,XLE,42.215,42.76,42.155,42.37,39301790.0
2024-01-03 05:00:00,XLE,42.435,43.2125,42.22,43.06,37922798.0
2024-01-04 05:00:00,XLE,43.37,43.555,42.28,42.305,42049032.0
2024-01-05 05:00:00,XLE,42.71,42.73,42.1441,42.34,34029298.0
2024-01-08 05:00:00,XLE,41.62,41.9,41.0513,41.85,47218684.0
2024-01-09 05:00:00,XLE,41.905,41.95,41.0875,41.18,33750456.0
2024-01-10 05:00:00,XLE,41.26,41.2753,40.61,40.775,33159758.0
2024-01-11 05:00:00,XLE,40.995,41.1,40.715,40.88,38566970.0
2024-01-12 05:00:00,XLE,41.51,41.6725,41.09,41.34,38769190.0
2024-01-16 05:00:00,XLE,41.25,41.305,40.33,40.355,36031252.0
2024-01-17 05:00:00,XLE,39.94,40.42,39.85,40.02,39284270.0
2024-01-18 05:00:00,XLE,40.03,40.065,39.4912,39.955,35681394.0
2024-01-19 05:00:00,XLE,39.935,40.09,39.795,40.085,39940210.0
2024-01-22 05:00:00,XLE,40.0,40.3225,39.74,40.235,30136726.0
2024-01-23 05:00:00,XLE,40.17,40.645,40.11,40.32,24709224.0
2024-01-24 05:00:00,XLE,40.53,40.915,40.34,40.895,32800970.0
2024-01-25 05:00:00,XLE,41.185,41.83,40.94,41.815,37609448.0
2024-01-26 05:00:00,XLE,41.77,42.14,41.4625,42.125,36730262.0
2024-01-29 05:00:00,XLE,42.06,42.125,41.625,42.065,29680630.0
2024-01-30 05:00:00,XLE,41.65,42.51,41.49,42.5,35341118.0
2024-01-31 05:00:00,XLE,42.5,42.58,41.685,41.705,38580744.0
2024-02-01 05:00:00,XLE,41.955,42.15,41.315,41.7,51101376.0
2024-02-02 05:00:00,XLE,42.05,42.09,41.41,41.76,38075024.0
2024-02-05 05:00:00,XLE,41.505,41.9025,41.2025,41.655,31593614.0
2024-02-06 05:00:00,XLE,41.86,42.2,41.615,41.79,28056298.0
2024-02-07 05:00:00,XLE,41.91,42.0875,41.535,41.875,26920456.0
2024-02-08 05:00:00,XLE,41.85,42.46,41.84,42.305,36201078.0
2024-02-09 05:00:00,XLE,42.385,42.565,41.61,41.655,38073338.0
2024-02-12 05:00:00,XLE,41.8,42.235,41.8,42.115,25893854.0
2024-02-13 05:00:00,XLE,42.155,42.3,41.4175,41.69,41156814.0
2024-02-14 05:00:00,XLE,41.995,42.1225,41.43,41.65,40883372.0
2024-02-15 05:00:00,XLE,41.64,42.928,41.605,42.81,43364426.0
2024-02-16 05:00:00,XLE,42.985,43.125,42.66,42.785,26960766.0
2024-02-20 05:00:00,XLE,42.83,42.855,42.34,42.395,28995576.0
2024-02-21 05:00:00,XLE,42.575,43.23,42.545,43.19,28756630.0
2024-02-22 05:00:00,XLE,42.915,43.445,42.71,43.265,35206832.0
2024-02-23 05:00:00,XLE,42.845,43.1175,42.57,42.98,28952394.0
2024-02-26 05:00:00,XLE,42.93,43.4125,42.715,43.13,23376344.0
2024-02-27 05:00:00,XLE,43.17,43.355,42.725,42.945,26317368.0
2024-02-28 05:00:00,XLE,43.0,43.325,42.69,42.86,26679624.0
2024-02-29 05:00:00,XLE,42.95,43.21,42.8275,43.07,27335314.0
2024-03-01 05:00:00,XLE,43.38,43.77,43.305,43.57,32459688.0
2024-03-04 05:00:00,XLE,43.545,43.66,43.0625,43.105,33141646.0
2024-03-05 05:00:00,XLE,43.04,43.705,42.985,43.425,32174252.0
2024-03-06 05:00:00,XLE,43.79,44.02,43.465,43.56,28008764.0
2024-03-07 05:00:00,XLE,43.62,44.175,43.585,43.93,24516396.0
2024-03-08 05:00:00,XLE,43.87,44.095,43.76,44.085,28251986.0
2024-03-11 04:00:00,XLE,44.095,44.555,43.765,44.54,24983720.0
2024-03-12 04:00:00,XLE,44.535,44.6575,44.2325,44.47,23780904.0
2024-03-13 04:00:00,XLE,44.935,45.425,44.86,45.18,42725190.0
2024-03-14 04:00:00,XLE,45.36,45.665,45.185,45.645,35946028.0
2024-03-15 04:00:00,XLE,45.61,46.11,45.505,45.78,37753366.0
2024-03-18 04:00:00,XLE,45.595,45.73,45.215,45.57,30496710.0
2024-03-19 04:00:00,XLE,45.565,46.1248,45.535,46.09,28545786.0
2024-03-20 04:00:00,XLE,45.825,46.19,45.755,46.025,32515336.0
2024-03-21 04:00:00,XLE,46.105,46.395,45.96,46.3,23334194.0
2024-03-22 04:00:00,XLE,46.32,46.435,46.0868,46.2,17948808.0
2024-03-25 04:00:00,XLE,46.36,46.94,46.35,46.63,35074380.0
2024-03-26 04:00:00,XLE,46.675,46.78,46.18,46.27,35373850.0
2024-03-27 04:00:00,XLE,46.17,46.71,46.09,46.7,33960082.0
2024-03-28 04:00:00,XLE,46.975,47.29,46.7479,47.205,34615140.0
2024-04-01 04:00:00,XLE,47.345,47.695,46.8782,47.555,42899028.0
2024-04-02 04:00:00,XLE,47.76,48.27,47.55,48.22,38671198.0
2024-04-03 04:00:00,XLE,48.4,48.6151,48.2425,48.55,29148862.0
2024-04-04 04:00:00,XLE,48.625,48.7975,48.33,48.52,36941290.0
2024-04-05 04:00:00,XLE,48.72,49.2334,48.425,49.04,31194538.0
2024-04-08 04:00:00,XLE,49.065,49.205,48.6425,48.73,34034558.0
2024-04-09 04:00:00,XLE,48.94,49.07,48.39,48.745,35333104.0
2024-04-10 04:00:00,XLE,48.61,49.075,48.4,48.895,39199650.0
2024-04-11 04:00:00,XLE,49.05,49.07,48.1675,48.86,39204692.0
2024-04-12 04:00:00,XLE,49.17,49.485,47.835,48.065,46572430.0
2024-04-15 04:00:00,XLE,48.295,48.525,47.555,47.615,48690726.0
2024-04-16 04:00:00,XLE,47.525,47.745,46.865,47.2,36492118.0
2024-04-17 04:00:00,XLE,47.1,47.57,46.73,47.065,27420914.0
2024-04-18 04:00:00,XLE,47.225,47.36,46.755,46.92,25515648.0
2024-04-19 04:00:00,XLE,47.01,47.805,46.94,47.485,35451440.0
2024-04-22 04:00:00,XLE,47.235,48.12,46.86,47.795,30236332.0
2024-04-23 04:00:00,XLE,47.575,48.06,47.345,48.06,28657490.0
2024-04-24 04:00:00,XLE,47.76,48.15,47.53,48.095,21303784.0
2024-04-25 04:00:00,XLE,48.04,48.46,47.625,48.315,26500194.0
2024-04-26 04:00:00,XLE,47.88,48.0575,47.38,47.87,32366598.0
2024-04-29 04:00:00,XLE,47.73,48.3,47.7,48.195,22236328.0
2024-04-30 04:00:00,XLE,48.0,48.0825,46.7375,46.76,35398934.0
2024-05-01 04:00:00,XLE,46.695,46.845,45.765,46.015,50943700.0
2024-05-02 04:00:00,XLE,46.325,46.595,46.06,46.28,34406794.0
2024-05-03 04:00:00,XLE,46.32,46.37,45.6725,46.285,38087736.0
2024-05-06 04:00:00,XLE,46.43,47.1175,46.43,46.65,33445506.0
2024-05-07 04:00:00,XLE,46.715,46.95,46.59,46.605,20942292.0
2024-05-08 04:00:00,XLE,46.335,46.7725,46.265,46.55,19811882.0
2024-05-09 04:00:00,XLE,46.6,47.175,46.6,47.175,22489492.0
2024-05-10 04:00:00,XLE,47.275,47.43,46.79,46.915,20568410.0
2024-05-13 04:00:00,XLE,47.025,47.2,46.59,46.79,20978056.0
2024-05-14 04:00:00,XLE,46.7,46.885,46.51,46.85,24353552.0
2024-05-15 04:00:00,XLE,46.75,47.04,46.06,46.955,38792236.0
2024-05-16 04:00:00,XLE,46.85,47.19,46.7,46.825,24580136.0
2024-05-17 04:00:00,XLE,46.91,47.5525,46.895,47.48,29001582.0
2024-05-20 04:00:00,XLE,47.5,47.605,47.0525,47.17,20134668.0
2024-05-21 04:00:00,XLE,47.05,47.4325,46.905,46.94,22467678.0
2024-05-22 04:00:00,XLE,46.75,46.77,45.855,46.04,34867966.0
2024-05-23 04:00:00,XLE,46.27,46.43,45.54,45.62,26931380.0
2024-05-24 04:00:00,XLE,45.975,46.0949,45.555,45.685,19041398.0
2024-05-28 04:00:00,XLE,45.845,46.275,45.7275,46.155,28904122.0
2024-05-29 04:00:00,XLE,46.025,46.065,45.135,45.34,30053556.0
2024-05-30 04:00:00,XLE,45.24,45.635,45.225,45.47,22732776.0
2024-05-31 04:00:00,XLE,45.55,46.6331,45.5048,46.6,32503014.0
2024-06-03 04:00:00,XLE,46.445,46.46,45.045,45.38,40796588.0
2024-06-04 04:00:00,XLE,44.91,44.985,44.35,44.945,34721410.0
2024-06-05 04:00:00,XLE,45.0,45.07,44.665,44.94,21040150.0
2024-06-06 04:00:00,XLE,44.785,45.19,44.6133,45.175,25506506.0
2024-06-07 04:00:00,XLE,45.09,45.5175,44.775,44.995,20068778.0
2024-06-10 04:00:00,XLE,45.165,45.605,44.995,45.335,22548382.0
2024-06-11 04:00:00,XLE,45.135,45.295,44.72,45.245,18591126.0
2024-06-12 04:00:00,XLE,45.62,45.635,44.5356,44.76,32560574.0
2024-06-13 04:00:00,XLE,44.64,44.765,44.1225,44.35,28495640.0
2024-06-14 04:00:00,XLE,44.3,44.35,43.835,44.02,25811336.0
2024-06-17 04:00:00,XLE,43.96,44.3325,43.8,44.135,29547720.0
2024-06-18 04:00:00,XLE,44.42,44.88,44.209,44.32,29285780.0
2024-06-20 04:00:00,XLE,44.45,45.365,44.31,45.135,34073852.0
2024-06-21 04:00:00,XLE,45.255,45.38,44.81,44.875,39986358.0
2024-06-24 04:00:00,XLE,44.765,45.8125,44.69,45.64,31188222.0
2024-06-25 04:00:00,XLE,45.6,45.75,45.35,45.745,27670260.0
2024-06-26 04:00:00,XLE,45.795,45.795,45.0775,45.295,23123398.0
2024-06-27 04:00:00,XLE,45.535,45.585,45.145,45.4,15631574.0
2024-06-28 04:00:00,XLE,45.75,45.91,45.41,45.575,25670032.0
2024-07-01 04:00:00,XLE,45.94,46.09,45.33,45.6,24563286.0
2024-07-02 04:00:00,XLE,46.04,46.05,45.275,45.565,25226770.0
2024-07-03 04:00:00,XLE,45.605,45.975,45.525,45.765,16280094.0
2024-07-05 04:00:00,XLE,45.675,45.71,44.85,45.05,23450492.0
2024-07-08 04:00:00,XLE,44.725,45.19,44.5975,44.775,19595012.0
2024-07-09 04:00:00,XLE,44.33,44.87,44.2,44.38,19091194.0
2024-07-10 04:00:00,XLE,44.33,44.695,44.195,44.68,19292756.0
2024-07-11 04:00:00,XLE,44.565,45.2375,44.41,45.145,22689674.0
2024-07-12 04:00:00,XLE,45.4,45.465,44.925,45.26,18117240.0
2024-07-15 04:00:00,XLE,45.58,46.36,45.405,45.945,30791946.0
2024-07-16 04:00:00,XLE,45.75,46.1936,45.515,46.15,24129334.0
2024-07-17 04:00:00,XLE,46.255,46.91,46.245,46.61,29435350.0
2024-07-18 04:00:00,XLE,46.56,47.255,46.395,46.695,32867664.0
2024-07-19 04:00:00,XLE,46.62,46.94,46.065,46.185,26500272.0
2024-07-22 04:00:00,XLE,45.94,46.16,45.6325,45.895,21527512.0
2024-07-23 04:00:00,XLE,45.765,45.805,45.1075,45.165,33103796.0
2024-07-24 04:00:00,XLE,45.285,45.575,44.8575,45.17,29328500.0
2024-07-25 04:00:00,XLE,45.2,46.095,44.985,45.95,36437404.0
2024-07-26 04:00:00,XLE,45.83,46.2875,45.6657,46.095,23730772.0
2024-07-29 04:00:00,XLE,46.1,46.135,45.2675,45.7,27156520.0
2024-07-30 04:00:00,XLE,45.695,46.555,45.6409,46.41,25673202.0
2024-07-31 04:00:00,XLE,47.04,47.07,46.57,46.605,36173750.0
2024-08-01 04:00:00,XLE,46.5,46.735,45.135,45.37,42558498.0
2024-08-02 04:00:00,XLE,44.85,45.095,43.755,44.2,45836208.0
2024-08-05 04:00:00,XLE,43.25,43.59,42.735,43.225,50039100.0
2024-08-06 04:00:00,XLE,43.385,43.98,43.215,43.49,31418598.0
2024-08-07 04:00:00,XLE,44.02,44.47,43.64,43.665,26125948.0
2024-08-08 04:00:00,XLE,43.79,44.665,43.79,44.605,21596840.0
2024-08-09 04:00:00,XLE,44.54,44.895,44.255,44.705,22345572.0
2024-08-12 04:00:00,XLE,44.965,45.2125,43.75,44.925,28785872.0
2024-08-13 04:00:00,XLE,44.585,44.625,44.27,44.49,31386390.0
2024-08-14 04:00:00,XLE,44.575,44.9475,44.4,44.75,21657604.0
2024-08-15 04:00:00,XLE,45.005,45.43,44.965,45.285,18335210.0
2024-08-16 04:00:00,XLE,45.005,45.345,44.97,45.235,17753042.0
2024-08-19 04:00:00,XLE,45.31,45.925,45.31,45.54,21762686.0
2024-08-20 04:00:00,XLE,45.44,45.48,44.32,44.34,33866474.0
2024-08-21 04:00:00,XLE,44.62,44.8425,44.2875,44.415,22686732.0
2024-08-22 04:00:00,XLE,44.445,44.73,44.355,44.53,19595436.0
2024-08-23 04:00:00,XLE,44.74,45.27,44.685,45.195,20734626.0
2024-08-26 04:00:00,XLE,45.695,45.9975,45.265,45.6,19514760.0
2024-08-27 04:00:00,XLE,45.6,45.725,45.095,45.175,16627126.0
2024-08-28 04:00:00,XLE,44.9,45.1625,44.6869,44.885,17049002.0
2024-08-29 04:00:00,XLE,45.15,45.64,44.725,45.47,22499056.0
2024-08-30 04:00:00,XLE,45.01,45.655,44.905,45.64,28085268.0
2024-09-03 04:00:00,XLE,44.895,44.9635,44.2225,44.505,38194160.0
2024-09-04 04:00:00,XLE,44.55,44.835,43.8025,43.89,30113984.0
2024-09-05 04:00:00,XLE,44.205,44.24,43.51,43.55,24991290.0
2024-09-06 04:00:00,XLE,43.645,43.91,42.83,43.005,35912028.0
2024-09-09 04:00:00,XLE,43.135,43.715,43.07,43.315,32824322.0
2024-09-10 04:00:00,XLE,43.38,43.435,42.205,42.57,49326820.0
2024-09-11 04:00:00,XLE,42.565,42.585,41.51,42.175,48125724.0
2024-09-12 04:00:00,XLE,42.34,42.7175,42.025,42.555,31769226.0
2024-09-13 04:00:00,XLE,42.77,43.115,42.67,42.795,26195462.0
2024-09-16 04:00:00,XLE,43.155,43.555,42.96,43.285,26875438.0
2024-09-17 04:00:00,XLE,43.3,43.9,43.205,43.87,25034684.0
2024-09-18 04:00:00,XLE,43.805,44.495,43.745,43.955,28209578.0
2024-09-19 04:00:00,XLE,44.7,44.9775,44.235,44.48,37806716.0
2024-09-20 04:00:00,XLE,44.295,44.485,43.8875,44.38,27961604.0
2024-09-23 04:00:00,XLE,44.1,44.7775,43.9475,44.56,26630108.0
2024-09-24 04:00:00,XLE,45.07,45.07,44.3874,44.45,34627308.0
2024-09-25 04:00:00,XLE,44.335,44.47,43.49,43.58,27633552.0
2024-09-26 04:00:00,XLE,42.715,43.2875,42.585,42.725,46896314.0
2024-09-27 04:00:00,XLE,42.955,43.6575,42.93,43.595,30489512.0
2024-09-30 04:00:00,XLE,43.515,43.9775,43.2625,43.9,22809424.0
2024-10-01 04:00:00,XLE,43.505,45.08,43.45,44.9,66114108.0
2024-10-02 04:00:00,XLE,45.53,45.645,44.855,45.36,41925142.0
2024-10-03 04:00:00,XLE,45.52,46.22,45.175,46.16,44726052.0
2024-10-04 04:00:00,XLE,46.55,46.7325,46.125,46.59,35955784.0
2024-10-07 04:00:00,XLE,46.755,47.105,46.6,46.755,32519412.0
2024-10-08 04:00:00,XLE,46.15,46.2,45.315,45.535,39759882.0
2024-10-09 04:00:00,XLE,45.195,45.93,45.105,45.81,31519582.0
2024-10-10 04:00:00,XLE,46.065,46.375,45.73,46.12,26047398.0
2024-10-11 04:00:00,XLE,46.105,46.57,46.015,46.405,26414500.0
2024-10-14 04:00:00,XLE,46.08,46.46,46.01,46.385,22198514.0
2024-10-15 04:00:00,XLE,45.15,45.45,44.865,44.89,37839152.0
2024-10-16 04:00:00,XLE,45.145,45.2525,44.9825,45.105,19877098.0
2024-10-17 04:00:00,XLE,45.1,45.47,45.05,45.32,21433300.0
2024-10-18 04:00:00,XLE,45.235,45.365,44.85,45.17,24015182.0
2024-10-21 04:00:00,XLE,45.47,45.615,44.955,45.035,21162084.0
2024-10-22 04:00:00,XLE,45.2,45.35,44.975,45.14,17956470.0
2024-10-23 04:00:00,XLE,45.015,45.1875,44.645,44.905,19813274.0
2024-10-24 04:00:00,XLE,45.0,45.135,44.6,44.9,17047212.0
2024-10-25 04:00:00,XLE,45.14,45.26,44.755,44.885,19104512.0
2024-10-28 04:00:00,XLE,43.93,44.6275,43.89,44.6,24227926.0
2024-10-29 04:00:00,XLE,44.5,44.535,43.825,43.92,23659564.0
2024-10-30 04:00:00,XLE,44.075,44.365,43.905,44.02,19364152.0
2024-10-31 04:00:00,XLE,44.3,44.63,44.1775,44.295,31623212.0
2024-11-01 04:00:00,XLE,44.895,45.055,43.925,44.015,26000584.0
2024-11-04 05:00:00,XLE,44.315,44.855,44.255,44.785,25811882.0
2024-11-05 05:00:00,XLE,45.005,45.1975,44.805,45.085,20776666.0
2024-11-06 05:00:00,XLE,46.325,47.1325,46.0249,46.78,50053266.0
2024-11-07 05:00:00,XLE,46.75,46.75,46.21,46.565,26138004.0
2024-11-08 05:00:00,XLE,46.57,46.9425,46.385,46.875,22336820.0
2024-11-11 05:00:00,XLE,46.885,47.2975,46.665,47.14,20909486.0
2024-11-12 05:00:00,XLE,47.275,47.4238,46.84,46.89,18500350.0
2024-11-13 05:00:00,XLE,47.03,47.4475,46.465,47.255,23676238.0
2024-11-14 05:00:00,XLE,47.57,47.59,47.1325,47.435,18011072.0
2024-11-15 05:00:00,XLE,47.39,47.845,47.195,47.365,28042692.0
2024-11-18 05:00:00,XLE,47.74,48.09,47.53,47.995,25235560.0
2024-11-19 05:00:00,XLE,47.61,47.9751,47.4625,47.69,23796418.0
2024-11-20 05:00:00,XLE,47.865,48.205,47.715,48.17,17917576.0
2024-11-21 05:00:00,XLE,48.39,48.925,48.27,48.56,33541028.0
2024-11-22 05:00:00,XLE,48.495,48.96,48.45,48.635,21555650.0
2024-11-25 05:00:00,XLE,48.625,48.87,47.5575,47.675,32950682.0
2024-11-26 05:00:00,XLE,47.74,47.84,47.39,47.61,24932738.0
2024-11-27 05:00:00,XLE,47.565,47.965,47.5,47.56,15596444.0
2024-11-29 05:00:00,XLE,47.665,47.845,47.58,47.765,13636374.0
2024-12-02 05:00:00,XLE,47.75,47.83,46.835,47.26,22189956.0
2024-12-03 05:00:00,XLE,47.565,47.65,47.0504,47.255,17886554.0
2024-12-04 05:00:00,XLE,47.235,47.235,45.84,46.115,32518052.0
2024-12-05 05:00:00,XLE,46.285,46.6,46.1019,46.295,22662402.0
2024-12-06 05:00:00,XLE,46.2,46.205,45.4225,45.51,26206628.0
2024-12-09 05:00:00,XLE,45.89,46.1325,45.395,45.435,23627798.0
2024-12-10 05:00:00,XLE,45.695,45.76,45.06,45.125,23299828.0
2024-12-11 05:00:00,XLE,45.22,45.37,44.98,45.2,22871502.0
2024-12-12 05:00:00,XLE,45.12,45.2,44.79,44.835,21746294.0
2024-12-13 05:00:00,XLE,44.945,44.96,44.485,44.61,22346060.0
2024-12-16 05:00:00,XLE,44.485,44.485,43.595,43.63,25036152.0
2024-12-17 05:00:00,XLE,43.3,43.385,42.9,43.305,32011674.0
2024-12-18 05:00:00,XLE,43.185,43.39,42.025,42.025,39241224.0
2024-12-19 05:00:00,XLE,42.47,42.605,41.63,41.66,49780450.0
2024-12-20 05:00:00,XLE,41.655,42.215,41.5451,42.07,35704810.0
2024-12-23 05:00:00,XLE,41.655,42.105,41.375,41.965,34116364.0
2024-12-24 05:00:00,XLE,42.085,42.4,41.8096,42.32,15024184.0
2024-12-26 05:00:00,XLE,42.335,42.3575,42.025,42.285,15386454.0
2024-12-27 05:00:00,XLE,42.25,42.74,42.0675,42.28,20369700.0
2024-12-30 05:00:00,XLE,42.285,42.515,41.925,42.275,23545302.0
2024-12-31 05:00:00,XLE,42.375,42.95,42.2875,42.83,21165070.0
2025-01-02 05:00:00,XLE,43.18,43.6475,43.0375,43.33,34887070.0
2025-01-03 05:00:00,XLE,43.585,43.8816,43.41,43.735,22124068.0
2025-01-06 05:00:00,XLE,43.935,44.285,43.4225,43.535,22835288.0
2025-01-07 05:00:00,XLE,43.855,44.305,43.59,43.97,25035776.0
2025-01-08 05:00:00,XLE,43.7,44.035,43.545,44.015,28483866.0
2025-01-10 05:00:00,XLE,44.585,45.1,43.96,44.195,34026864.0
2025-01-13 05:00:00,XLE,44.395,45.3875,44.395,45.125,48896172.0
2025-01-14 05:00:00,XLE,45.045,45.6499,44.9775,45.61,31173006.0
2025-01-15 05:00:00,XLE,45.89,46.4025,45.7,46.285,34657892.0
2025-01-16 05:00:00,XLE,46.13,46.6625,46.075,46.62,25230602.0
2025-01-17 05:00:00,XLE,46.62,47.145,46.455,46.98,23863618.0
2025-01-21 05:00:00,XLE,46.86,47.0,46.495,46.74,49302056.0
2025-01-22 05:00:00,XLE,46.595,46.65,45.86,45.89,35861258.0
2025-01-23 05:00:00,XLE,46.24,46.41,45.7725,46.1,29359132.0
2025-01-24 05:00:00,XLE,46.165,46.3525,45.5975,45.655,29156796.0
2025-01-27 05:00:00,XLE,45.5,45.58,44.865,45.18,31993400.0
2025-01-28 05:00:00,XLE,45.315,45.475,44.525,44.75,37401748.0
2025-01-29 05:00:00,XLE,44.64,45.0775,44.575,44.85,20681758.0
2025-01-30 05:00:00,XLE,45.125,45.315,44.8,45.08,39092542.0
2025-01-31 05:00:00,XLE,44.955,45.055,43.715,43.82,44504036.0
2025-02-03 05:00:00,XLE,43.815,44.2725,43.415,44.095,39816454.0
2025-02-04 05:00:00,XLE,43.89,45.115,43.815,45.02,40279818.0
2025-02-05 05:00:00,XLE,45.005,45.1775,44.7525,45.115,21771998.0
2025-02-06 05:00:00,XLE,45.32,45.43,44.045,44.285,41309624.0
2025-02-07 05:00:00,XLE,44.45,44.6825,44.22,44.28,22568414.0
2025-02-10 05:00:00,XLE,44.675,45.33,44.675,45.255,25871356.0
2025-02-11 05:00:00,XLE,45.47,45.925,45.18,45.62,26226818.0
2025-02-12 05:00:00,XLE,45.245,45.555,44.4375,44.52,38798774.0
2025-02-13 05:00:00,XLE,44.45,44.955,44.16,44.855,31550918.0
2025-02-14 05:00:00,XLE,45.025,45.6625,45.025,45.035,25886492.0
2025-02-18 05:00:00,XLE,45.25,45.95,44.99,45.65,29574750.0
2025-02-19 05:00:00,XLE,45.84,46.44,45.8125,46.01,24531244.0
2025-02-20 05:00:00,XLE,45.915,46.5075,45.72,46.43,28332290.0
2025-02-21 05:00:00,XLE,46.15,46.275,45.4375,45.465,31276604.0
2025-02-24 05:00:00,XLE,45.545,45.7191,45.2325,45.475,25791264.0
2025-02-25 05:00:00,XLE,45.465,45.675,44.4525,44.82,26608672.0
2025-02-26 05:00:00,XLE,44.875,44.9925,44.3575,44.565,24305696.0
2025-02-27 05:00:00,XLE,44.875,45.3525,44.49,44.805,30048002.0
2025-02-28 05:00:00,XLE,44.66,45.535,44.38,45.5,26627104.0
2025-03-03 05:00:00,XLE,45.675,45.9363,43.505,43.91,49498152.0
2025-03-04 05:00:00,XLE,43.265,44.19,42.715,43.485,50656032.0
2025-03-05 05:00:00,XLE,42.855,43.0725,42.0125,42.85,56352728.0
2025-03-06 05:00:00,XLE,42.645,43.2425,42.31,42.98,47104294.0
2025-03-07 05:00:00,XLE,43.175,44.0297,43.175,43.715,44820530.0
2025-03-10 04:00:00,XLE,43.9525,44.645,43.63,44.04,40045348.0
2025-03-11 04:00:00,XLE,44.22,44.41,43.455,43.69,30230208.0
2025-03-12 04:00:00,XLE,43.72,44.2925,43.5525,43.89,32240470.0
2025-03-13 04:00:00,XLE,43.735,44.365,43.325,43.59,30742034.0
2025-03-14 04:00:00,XLE,43.83,44.94,43.63,44.88,32023138.0
2025-03-17 04:00:00,XLE,44.845,45.805,44.845,45.595,29761584.0
2025-03-18 04:00:00,XLE,45.85,45.9525,45.31,45.67,30722524.0
2025-03-19 04:00:00,XLE,45.73,46.62,45.72,46.415,31717390.0
2025-03-20 04:00:00,XLE,46.16,46.74,45.965,46.585,33163598.0
2025-03-21 04:00:00,XLE,46.43,46.54,45.9675,46.26,36975532.0
2025-03-24 04:00:00,XLE,46.11,46.6975,46.035,46.425,23824528.0
2025-03-25 04:00:00,XLE,46.63,47.02,46.475,46.615,22292004.0
2025-03-26 04:00:00,XLE,47.05,47.41,46.7725,46.89,25571668.0
2025-03-27 04:00:00,XLE,46.75,46.925,46.2488,46.435,19147728.0
2025-03-28 04:00:00,XLE,46.41,46.585,45.9825,46.215,22248740.0
2025-03-31 04:00:00,XLE,46.115,47.0,46.05,46.725,28813730.0
2025-04-01 04:00:00,XLE,46.75,47.0425,46.245,47.0,27121216.0
2025-04-02 04:00:00,XLE,46.6,47.105,46.49,47.065,33939598.0
2025-04-03 04:00:00,XLE,44.825,45.17,43.355,43.37,75657844.0
2025-04-04 04:00:00,XLE,41.825,42.295,39.38,39.38,100376914.0
2025-04-07 04:00:00,XLE,38.105,40.79,37.49,39.125,112572212.0
2025-04-08 04:00:00,XLE,40.33,40.5375,37.61,38.22,90538470.0
2025-04-09 04:00:00,XLE,37.475,41.605,37.245,41.18,118962320.0
2025-04-10 04:00:00,XLE,40.11,40.11,37.74,38.49,79046518.0
2025-04-11 04:00:00,XLE,38.67,39.74,37.91,39.445,41916818.0
2025-04-14 04:00:00,XLE,40.38,40.38,39.19,39.585,32620178.0
2025-04-15 04:00:00,XLE,39.55,40.26,39.5025,39.525,22166906.0
2025-04-16 04:00:00,XLE,39.77,40.5225,39.67,39.85,27331426.0
2025-04-17 04:00:00,XLE,40.175,41.3775,40.155,40.75,47908786.0
2025-04-21 04:00:00,XLE,40.105,40.205,39.245,39.685,31011920.0
2025-04-22 04:00:00,XLE,40.2,40.995,40.025,40.695,22097338.0
2025-04-23 04:00:00,XLE,41.05,41.49,40.37,40.62,43216130.0
2025-04-24 04:00:00,XLE,41.0,41.39,40.645,41.27,21218990.0
2025-04-25 04:00:00,XLE,40.9,41.23,40.74,41.195,17664780.0
2025-04-28 04:00:00,XLE,41.15,41.5975,41.095,41.485,16436710.0
2025-04-29 04:00:00,XLE,41.02,41.515,40.94,41.365,19829316.0
2025-04-30 04:00:00,XLE,40.7,40.7575,39.7525,40.25,37814288.0
2025-05-01 04:00:00,XLE,39.92,40.93,39.92,40.4,36314420.0
2025-05-02 04:00:00,XLE,40.89,41.195,40.1575,40.99,32038804.0
2025-05-05 04:00:00,XLE,40.475,40.53,40.025,40.25,29482610.0
2025-05-06 04:00:00,XLE,40.43,40.61,40.035,40.26,22995462.0
2025-05-07 04:00:00,XLE,40.35,40.4776,39.97,40.275,22448240.0
2025-05-08 04:00:00,XLE,40.645,41.36,40.58,40.805,30565874.0
2025-05-09 04:00:00,XLE,41.3,41.4175,40.88,41.215,19993148.0
2025-05-12 04:00:00,XLE,42.74,42.935,41.98,42.29,32610056.0
2025-05-13 04:00:00,XLE,42.5,43.2225,42.33,42.885,29031568.0
2025-05-14 04:00:00,XLE,42.5975,42.79,42.46,42.625,21332654.0
2025-05-15 04:00:00,XLE,42.085,42.83,41.98,42.805,29721532.0
2025-05-16 04:00:00,XLE,42.9,42.925,42.3025,42.74,21725824.0
2025-05-19 04:00:00,XLE,42.385,42.43,41.8725,42.185,24787066.0
2025-05-20 04:00:00,XLE,42.155,42.25,41.755,41.795,22782142.0
2025-05-21 04:00:00,XLE,41.545,41.625,41.02,41.025,25698320.0
2025-05-22 04:00:00,XLE,40.81,41.0975,40.36,40.865,23732250.0
2025-05-23 04:00:00,XLE,40.505,41.0975,40.49,40.995,23510912.0
2025-05-27 04:00:00,XLE,41.28,41.415,40.975,41.35,19028072.0
2025-05-28 04:00:00,XLE,41.55,41.675,40.72,40.825,29552608.0
2025-05-29 04:00:00,XLE,40.89,41.13,40.63,41.13,23793426.0
2025-05-30 04:00:00,XLE,40.815,40.9775,40.4375,40.765,31038616.0
2025-06-02 04:00:00,XLE,41.53,41.585,40.825,41.3,32030982.0
2025-06-03 04:00:00,XLE,41.33,42.0475,40.94,41.79,30352648.0
2025-06-04 04:00:00,XLE,41.77,42.095,40.925,40.975,44939216.0
2025-06-05 04:00:00,XLE,41.28,41.3,40.83,40.935,27667328.0
2025-06-06 04:00:00,XLE,41.305,41.83,41.305,41.705,28556812.0
2025-06-09 04:00:00,XLE,41.87,42.22,41.5375,41.785,28680330.0
2025-06-10 04:00:00,XLE,42.23,42.805,42.21,42.53,46092238.0
2025-06-11 04:00:00,XLE,42.82,43.215,42.4,43.145,48996600.0
2025-06-12 04:00:00,XLE,42.945,43.3075,42.63,43.295,34028116.0
2025-06-13 04:00:00,XLE,44.105,44.285,43.475,44.05,84194742.0
2025-06-16 04:00:00,XLE,43.93,44.375,43.5875,43.92,69406614.0
2025-06-17 04:00:00,XLE,44.285,44.66,44.01,44.33,67884132.0
2025-06-18 04:00:00,XLE,44.49,44.715,43.94,44.04,70472920.0
2025-06-20 04:00:00,XLE,44.215,44.6125,44.085,44.49,56744750.0
2025-06-23 04:00:00,XLE,44.685,44.715,42.8275,43.015,105688294.0
2025-06-24 04:00:00,XLE,42.3875,42.9,42.2925,42.455,65358708.0
2025-06-25 04:00:00,XLE,42.405,42.5575,42.13,42.27,43723020.0
2025-06-26 04:00:00,XLE,42.365,42.96,42.26,42.875,33565614.0
2025-06-27 04:00:00,XLE,42.85,42.85,42.3951,42.65,35411732.0
2025-06-30 04:00:00,XLE,42.485,42.67,42.2775,42.405,26247518.0
2025-07-01 04:00:00,XLE,42.47,42.9275,42.0775,42.73,40772802.0
2025-07-02 04:00:00,XLE,43.09,43.535,42.615,43.465,42468858.0
2025-07-03 04:00:00,XLE,43.405,43.655,43.305,43.515,22265620.0
2025-07-07 04:00:00,XLE,43.25,43.48,42.65,43.095,35673204.0
2025-07-08 04:00:00,XLE,43.045,44.415,43.035,44.255,47472456.0
2025-07-09 04:00:00,XLE,44.145,44.32,43.9,44.03,28673156.0
2025-07-10 04:00:00,XLE,43.93,44.39,43.615,44.365,28824762.0
2025-07-11 04:00:00,XLE,44.29,44.72,44.155,44.565,30171552.0
2025-07-14 04:00:00,XLE,44.48,44.48,43.84,44.075,33441544.0
2025-07-15 04:00:00,XLE,43.99,44.18,43.385,43.44,33859576.0
2025-07-16 04:00:00,XLE,43.38,43.63,42.9075,43.065,35501652.0
2025-07-17 04:00:00,XLE,42.845,43.3925,42.74,43.33,36086420.0
2025-07-18 04:00:00,XLE,43.675,43.875,42.81,42.98,60975682.0
2025-07-21 04:00:00,XLE,43.01,43.085,42.4475,42.535,30434458.0
2025-07-22 04:00:00,XLE,42.485,42.97,42.4425,42.735,32444074.0
2025-07-23 04:00:00,XLE,42.91,43.43,42.8,43.405,28046082.0
2025-07-24 04:00:00,XLE,43.29,43.7697,43.095,43.715,24022142.0
2025-07-25 04:00:00,XLE,43.76,43.835,43.3225,43.55,20143134.0
2025-07-28 04:00:00,XLE,43.84,44.12,43.775,44.045,23705282.0
2025-07-29 04:00:00,XLE,44.115,44.49,43.97,44.475,24551960.0
2025-07-30 04:00:00,XLE,44.2,44.225,43.565,43.84,26552332.0
2025-07-31 04:00:00,XLE,43.38,44.1075,43.38,43.605,24960798.0
2025-08-01 04:00:00,XLE,43.44,43.595,42.56,42.795,42329366.0
2025-08-04 04:00:00,XLE,42.72,43.041,42.48,42.7,26509642.0
2025-08-05 04:00:00,XLE,42.69,42.8125,42.1725,42.755,31413606.0
2025-08-06 04:00:00,XLE,43.025,43.275,42.235,42.36,38249454.0
2025-08-07 04:00:00,XLE,42.61,43.085,42.14,42.195,35042056.0
2025-08-08 04:00:00,XLE,42.395,42.8525,42.18,42.465,40736226.0
2025-08-11 04:00:00,XLE,42.55,42.735,42.05,42.125,28828714.0
2025-08-12 04:00:00,XLE,42.21,42.7,42.085,42.33,34527022.0
2025-08-13 04:00:00,XLE,42.36,42.825,42.21,42.82,25601212.0
2025-08-14 04:00:00,XLE,42.79,42.8425,42.325,42.78,24944596.0
2025-08-15 04:00:00,XLE,42.8,43.2625,42.645,42.78,27297716.0
2025-08-18 04:00:00,XLE,42.555,42.725,42.28,42.525,26428444.0
2025-08-19 04:00:00,XLE,42.405,42.79,42.295,42.54,25693882.0
2025-08-20 04:00:00,XLE,42.61,43.07,42.57,42.895,27967210.0
2025-08-21 04:00:00,XLE,42.82,43.2825,42.705,43.19,22088028.0
2025-08-22 04:00:00,XLE,43.335,44.175,43.265,44.07,30936332.0
2025-08-25 04:00:00,XLE,43.96,44.24,43.815,44.185,23412822.0
2025-08-26 04:00:00,XLE,44.01,44.155,43.7025,44.115,22855500.0
2025-08-27 04:00:00,XLE,44.05,44.77,44.0,44.61,26877360.0
2025-08-28 04:00:00,XLE,44.625,45.015,44.33,44.95,24086284.0
2025-08-29 04:00:00,XLE,44.97,45.31,44.91,45.195,23744920.0
2025-09-02 04:00:00,XLE,45.075,45.34,44.735,45.26,25964440.0
2025-09-03 04:00:00,XLE,44.9,45.2725,44.095,44.245,36018148.0
2025-09-04 04:00:00,XLE,44.25,44.725,44.06,44.54,25895486.0
2025-09-05 04:00:00,XLE,44.175,44.32,43.4575,43.68,48182236.0
2025-09-08 04:00:00,XLE,43.825,44.015,43.1925,43.58,34931864.0
2025-09-09 04:00:00,XLE,43.815,44.4075,43.765,43.79,41193414.0
2025-09-10 04:00:00,XLE,43.89,44.5775,43.79,44.555,29932822.0
2025-09-11 04:00:00,XLE,44.2,44.66,44.065,44.565,25176854.0
2025-09-12 04:00:00,XLE,44.75,44.95,44.29,44.3,22298266.0
2025-09-15 04:00:00,XLE,44.385,44.5,44.075,44.15,23288564.0
2025-09-16 04:00:00,XLE,44.345,45.0275,44.335,44.89,41593456.0
2025-09-17 04:00:00,XLE,44.83,45.31,44.635,44.995,26044858.0
2025-09-18 04:00:00,XLE,45.035,45.125,44.515,44.855,28713048.0
2025-09-19 04:00:00,XLE,44.815,44.8475,44.105,44.26,29979134.0
2025-09-22 04:00:00,XLE,43.73,44.05,43.555,43.835,22502342.0
2025-09-23 04:00:00,XLE,44.01,45.07,44.01,44.59,44214788.0
2025-09-24 04:00:00,XLE,44.905,45.59,44.855,45.17,35406134.0
2025-09-25 04:00:00,XLE,45.165,45.6175,45.04,45.575,31887198.0
2025-09-26 04:00:00,XLE,45.65,46.455,45.64,45.995,40161680.0
2025-09-29 04:00:00,XLE,45.675,45.74,44.9125,45.15,37674482.0
2025-09-30 04:00:00,XLE,44.755,44.8475,44.32,44.67,47544756.0
2025-10-01 04:00:00,XLE,44.45,44.82,44.4,44.67,27661224.0
2025-10-02 04:00:00,XLE,44.57,44.965,44.1725,44.22,31793606.0
2025-10-03 04:00:00,XLE,44.445,44.715,44.39,44.455,24047956.0
2025-10-06 04:00:00,XLE,44.735,44.93,44.495,44.675,21488472.0
2025-10-07 04:00:00,XLE,44.6325,44.78,43.955,44.745,25324566.0
2025-10-08 04:00:00,XLE,44.745,44.745,44.1475,44.485,20024210.0
2025-10-09 04:00:00,XLE,44.58,44.96,43.8325,43.88,23397888.0
2025-10-10 04:00:00,XLE,43.555,43.775,42.595,42.61,44892248.0
2025-10-13 04:00:00,XLE,42.9325,43.245,42.795,43.19,22889576.0
2025-10-14 04:00:00,XLE,42.575,43.4275,42.52,43.185,25077370.0
2025-10-15 04:00:00,XLE,43.46,43.705,42.8375,43.16,24256592.0
2025-10-16 04:00:00,XLE,43.235,43.365,42.35,42.64,29193052.0
2025-10-17 04:00:00,XLE,42.82,43.08,42.645,42.99,24069144.0
2025-10-20 04:00:00,XLE,43.065,43.5425,43.065,43.445,25352354.0
2025-10-21 04:00:00,XLE,43.565,43.665,43.125,43.345,25879082.0
2025-10-22 04:00:00,XLE,43.635,44.09,43.27,43.9,32814074.0
2025-10-23 04:00:00,XLE,44.685,44.7775,44.215,44.485,47295430.0
2025-10-24 04:00:00,XLE,44.685,44.7,44.005,44.035,21190900.0
2025-10-27 04:00:00,XLE,44.175,44.32,43.9454,44.14,19597028.0
2025-10-28 04:00:00,XLE,43.975,44.115,43.655,43.68,22474300.0
2025-10-29 04:00:00,XLE,43.7275,44.23,43.64,44.005,26799820.0
2025-10-30 04:00:00,XLE,43.99,44.3099,43.6825,43.745,20663428.0
2025-10-31 04:00:00,XLE,43.85,44.3125,43.66,44.065,26985364.0
2025-11-03 05:00:00,XLE,44.075,44.19,43.565,44.07,22222864.0
2025-11-04 05:00:00,XLE,43.53,43.715,43.185,43.595,29477614.0
2025-11-05 05:00:00,XLE,43.6,44.195,43.5425,43.71,23857158.0
2025-11-06 05:00:00,XLE,43.775,44.55,43.775,44.135,32155414.0
2025-11-07 05:00:00,XLE,44.29,44.8725,44.1675,44.77,35449374.0
2025-11-10 05:00:00,XLE,44.885,45.28,44.3025,45.175,31258058.0
2025-11-11 05:00:00,XLE,45.445,46.085,45.41,45.765,38744586.0
2025-11-12 05:00:00,XLE,45.455,45.665,45.06,45.125,29859690.0
2025-11-13 05:00:00,XLE,45.27,45.65,45.0375,45.24,32238394.0
2025-11-14 05:00:00,XLE,45.48,46.11,44.9075,46.01,34175124.0
2025-11-17 05:00:00,XLE,45.955,45.97,44.99,45.17,37375632.0
2025-11-18 05:00:00,XLE,44.975,45.65,44.85,45.53,34698062.0
2025-11-19 05:00:00,XLE,44.725,45.0825,44.41,44.94,40905658.0
2025-11-20 05:00:00,XLE,45.17,45.7825,44.395,44.43,41524360.0
2025-11-21 05:00:00,XLE,44.505,44.905,44.035,44.71,39108976.0
2025-11-24 05:00:00,XLE,44.66,44.725,43.895,44.585,33637710.0
2025-11-25 05:00:00,XLE,44.235,44.48,43.9375,44.305,29212516.0
2025-11-26 05:00:00,XLE,44.295,44.9575,44.255,44.64,26560796.0
2025-11-28 05:00:00,XLE,44.665,45.4175,44.5975,45.225,16629328.0
2025-12-01 05:00:00,XLE,45.29,45.91,45.255,45.66,31063068.0
2025-12-02 05:00:00,XLE,45.59,45.59,44.8425,45.07,33224278.0
2025-12-03 05:00:00,XLE,45.375,45.995,45.31,45.915,30119864.0
2025-12-04 05:00:00,XLE,45.89,46.1825,45.755,46.11,23761984.0
2025-12-05 05:00:00,XLE,46.03,46.66,45.91,45.92,22153172.0
2025-12-08 05:00:00,XLE,45.66,45.92,45.27,45.42,27873514.0
2025-12-09 05:00:00,XLE,45.5,46.08,45.46,45.7,20900420.0
2025-12-10 05:00:00,XLE,45.84,46.265,45.625,46.18,26229433.0
2025-12-11 05:00:00,XLE,45.9,46.245,45.84,45.96,25799729.0
2025-12-12 05:00:00,XLE,46.045,46.235,45.39,45.51,33136180.0
2025-12-15 05:00:00,XLE,45.61,45.61,44.82,45.19,27492520.0
2025-12-16 05:00:00,XLE,44.83,44.85,43.77,43.81,49283788.0
2025-12-17 05:00:00,XLE,44.13,44.88,44.06,44.78,43348574.0
2025-12-18 05:00:00,XLE,44.65,44.71,43.98,44.13,29904091.0
2025-12-19 05:00:00,XLE,44.25,44.53,44.025,44.13,31949449.0
2025-12-22 05:00:00,XLE,44.14,44.485,44.09,44.21,23699628.0
2025-12-23 05:00:00,XLE,44.37,44.55,44.22,44.5,19129982.0
2025-12-24 05:00:00,XLE,44.415,44.555,44.31,44.37,11289474.0
2025-12-26 05:00:00,XLE,44.32,44.435,43.99,44.2,17884483.0
2025-12-29 05:00:00,XLE,44.51,44.74,44.29,44.62,31352054.0
2025-12-30 05:00:00,XLE,44.8,45.0884,44.8,44.96,18654743.0
2025-12-31 05:00:00,XLE,44.93,45.02,44.57,44.71,16965922.0
2026-01-02 05:00:00,XLE,44.72,45.7799,44.49,45.65,31935524.0
2026-01-05 05:00:00,XLE,47.16,47.32,45.75,46.89,94961037.0
2026-01-06 05:00:00,XLE,46.995,47.06,45.5313,45.64,69568225.0
2026-01-07 05:00:00,XLE,45.82,45.82,45.08,45.13,42739166.0
2026-01-08 05:00:00,XLE,45.32,46.85,45.22,46.55,51451021.0
2026-01-09 05:00:00,XLE,46.75,46.88,46.505,46.67,38839945.0
2026-01-12 05:00:00,XLE,46.75,46.805,46.1001,46.34,28264436.0
2026-01-13 05:00:00,XLE,46.73,47.39,46.68,47.0,50469235.0
2026-01-14 05:00:00,XLE,47.25,48.65,47.18,48.06,80750152.0
2026-01-15 05:00:00,XLE,47.63,48.07,47.27,47.61,49328793.0
2026-01-16 05:00:00,XLE,47.56,47.805,47.485,47.69,30796285.0
2026-01-20 05:00:00,XLE,48.09,48.31,47.5,47.6,50178699.0
2026-01-21 05:00:00,XLE,48.29,49.05,48.29,48.75,58996037.0
2026-01-22 05:00:00,XLE,48.62,49.0,48.42,48.91,50869509.0
2026-01-23 05:00:00,XLE,49.52,49.89,49.09,49.19,51431167.0
2026-01-26 05:00:00,XLE,49.865,49.89,48.95,49.22,40122625.0
2026-01-27 05:00:00,XLE,49.39,49.815,49.16,49.67,39840271.0
2026-01-28 05:00:00,XLE,49.97,50.14,49.56,50.05,41890386.0
2026-01-29 05:00:00,XLE,51.15,51.73,50.48,50.51,77520650.0
2026-01-30 05:00:00,XLE,50.36,51.085,49.875,51.05,74039404.0
2026-02-02 05:00:00,XLE,50.1,50.51,49.77,50.05,61479856.0
2026-02-03 05:00:00,XLE,50.24,51.78,50.02,51.67,83754106.0
2026-02-04 05:00:00,XLE,51.82,52.9599,51.82,52.83,78149891.0
2026-02-05 05:00:00,XLE,52.26,52.49,51.435,52.21,54235648.0
2026-02-06 05:00:00,XLE,52.5,53.415,52.36,53.25,41669571.0
2026-02-09 05:00:00,XLE,53.205,53.72,52.975,53.64,38798501.0
2026-02-10 05:00:00,XLE,53.77,53.79,53.24,53.58,32145991.0
2026-02-11 05:00:00,XLE,54.28,55.11,54.25,54.98,57349665.0
2026-02-12 05:00:00,XLE,54.94,55.24,53.76,53.98,67427841.0
2026-02-13 05:00:00,XLE,53.94,54.575,53.81,54.35,48392131.0
2026-02-17 05:00:00,XLE,54.56,54.905,53.18,53.75,50499593.0
2026-02-18 05:00:00,XLE,54.53,54.86,54.22,54.78,59196116.0
2026-02-19 05:00:00,XLE,55.46,55.88,54.925,55.18,62513522.0
2026-02-20 05:00:00,XLE,55.0,55.285,54.51,54.88,50833496.0
2026-02-23 05:00:00,XLE,55.035,55.93,54.865,55.15,44013472.696493
2026-02-24 05:00:00,XLE,55.11,55.22,54.4,55.1,42921656.428281
2026-02-25 05:00:00,XLE,55.3,55.37,54.185,54.87,36207494.889205
2026-02-26 05:00:00,XLE,54.37,55.67,54.12,55.05,47033507.184077
2026-02-27 05:00:00,XLE,55.64,56.15,54.925,55.92,59071460.72935
2026-03-02 05:00:00,XLE,57.77,57.88,56.27,57.04,135633331.252129
2026-03-03 05:00:00,XLE,57.385,57.72,56.05,56.52,154770813.67191
2026-03-04 05:00:00,XLE,56.06,56.43,55.325,56.19,70732742.963378
2026-03-05 05:00:00,XLE,56.53,57.06,56.08,56.48,85177811.930733
2026-03-06 05:00:00,XLE,57.15,57.34,56.17,56.57,68219040.670416
2026-03-09 04:00:00,XLE,56.84,57.15,55.94,56.32,88747415.211577
2026-03-10 04:00:00,XLE,56.055,56.46,55.365,55.6,88817874.736539
2026-03-11 04:00:00,XLE,55.63,57.04,55.54,56.98,48743711.029182
2026-03-12 04:00:00,XLE,57.13,58.215,57.06,57.51,69358707.510568
2026-03-13 04:00:00,XLE,57.5,57.93,57.1,57.7,43374633.868321
2026-03-16 04:00:00,XLE,57.76,58.1,57.27,57.9,39474322.296499
2026-03-17 04:00:00,XLE,58.23,59.05,57.98,58.51,40137448.845393
2026-03-18 04:00:00,XLE,58.74,58.97,58.43,58.43,42908021.758129
2026-03-19 04:00:00,XLE,58.87,59.72,58.52,59.36,69231382.463664
2026-03-20 04:00:00,XLE,59.555,60.32,59.28,59.31,72991201.291796
2026-03-23 04:00:00,XLE,57.89,59.84,57.66,59.63,71027210.75543
2026-03-24 04:00:00,XLE,59.8,61.47,59.77,60.84,51207451.267455
2026-03-25 04:00:00,XLE,60.32,61.0,60.26,60.57,42680736.589444
2026-03-26 04:00:00,XLE,60.67,61.86,60.59,61.52,54967638.175042
2026-03-27 04:00:00,XLE,61.53,62.79,61.26,62.56,59553212.463735
2026-03-30 04:00:00,XLE,63.13,63.46,61.78,61.96,49750120.825456
2026-03-31 04:00:00,XLE,62.04,62.83,60.035,61.26,94766929.460354
2026-04-01 04:00:00,XLE,59.72,60.62,58.355,58.97,96652895.274555
2026-04-02 04:00:00,XLE,60.53,61.01,58.98,59.25,60400533.914705
2026-04-06 04:00:00,XLE,59.11,59.69,58.891,59.68,25474156.625946
2026-04-07 04:00:00,XLE,59.81,60.77,59.79,60.16,38811700.780305
2026-04-08 04:00:00,XLE,56.68,58.19,56.18,58.05,88023628.946554
2026-04-09 04:00:00,XLE,58.2,59.02,57.11,57.33,55037781.35276
2026-04-10 04:00:00,XLE,57.17,57.475,56.4,56.94,42559316.296428
2026-04-13 04:00:00,XLE,57.615,57.72,56.645,57.11,43472641.656957
2026-04-14 04:00:00,XLE,56.5,56.5,55.405,55.95,58830078.388973
2026-04-15 04:00:00,XLE,55.6,56.21,55.27,55.76,39551489.485086
2026-04-16 04:00:00,XLE,55.84,56.875,55.765,56.58,31282568.249752
2026-04-17 04:00:00,XLE,54.41,55.16,53.41,55.02,90913253.529422
2026-04-20 04:00:00,XLE,55.1,55.72,54.8,55.07,35141574.981355
2026-04-21 04:00:00,XLE,55.32,55.96,54.92,55.87,41276458.346241
2026-04-22 04:00:00,XLE,56.36,56.78,56.13,56.54,40565507.62641
2026-04-23 04:00:00,XLE,56.89,57.19,56.465,56.98,34707172.078676
2026-04-24 04:00:00,XLE,56.77,56.92,56.17,56.87,36426745.449696
2026-04-27 04:00:00,XLE,57.1,57.68,56.63,56.77,33069545.370446
2026-04-28 04:00:00,XLE,57.72,58.05,57.375,57.71,39151282.472407
2026-04-29 04:00:00,XLE,58.28,59.11,58.06,59.03,40616693.378739
2026-04-30 04:00:00,XLE,58.2,59.835,57.935,59.65,35896381.905133
2026-05-01 04:00:00,XLE,59.06,59.6,58.26,58.85,35828435.883989
2026-05-04 04:00:00,XLE,58.73,59.63,58.22,59.39,36882641.526967
2026-05-05 04:00:00,XLE,59.23,59.76,58.89,59.45,27041418.12637
2026-05-06 04:00:00,XLE,57.29,57.89,56.655,57.0,57907518.097383
2026-05-07 04:00:00,XLE,55.87,56.15,55.13,55.95,52909857.487546
2026-05-08 04:00:00,XLE,55.85,56.225,55.46,55.7,30573489.490906
2026-05-11 04:00:00,XLE,56.26,57.22,56.24,57.17,31943312.777166
2026-05-12 04:00:00,XLE,57.73,57.84,57.14,57.57,36814576.626619
